dacs,0,Z1,Z2,r1,r2,R1,R2,N1,N2,EP1,EP2,EA1,EA2,IE1,IE2
TiTi,-4.045310073492451,22,22,147.0,147.0,187,187,4,4,1.54,1.54,0.07554,0.07554,6.8281,6.8281
TiV,-1.8169332546233075,22,23,147.0,134.0,187,179,4,5,1.54,1.63,0.07554,0.52766,6.8281,6.7462
TiCr,-1.4493056213731446,22,24,147.0,128.0,187,189,4,6,1.54,1.66,0.07554,0.675928,6.8281,6.7665
TiMn,-1.5579392896409139,22,25,147.0,127.0,187,197,4,7,1.54,1.55,0.07554,-0.5,6.8281,7.434
TiFe,-1.0491138342174302,22,26,147.0,126.0,187,194,4,8,1.54,1.83,0.07554,0.153236,6.8281,7.9024
TiCo,-1.1188160161735634,22,27,147.0,125.0,187,192,4,9,1.54,1.88,0.07554,0.662255,6.8281,7.881
TiNi,-1.8820478478006393,22,28,147.0,124.0,187,184,4,10,1.54,1.91,0.07554,1.157368,6.8281,7.6399
TiCu,-1.7478617922931945,22,29,147.0,128.0,187,186,4,11,1.54,1.9,0.07554,1.23578,6.8281,7.7264
TiZn,-1.153976470782529,22,30,147.0,134.0,187,210,4,12,1.54,1.65,0.07554,-0.6,6.8281,9.3942
TiZr,-4.726511167900534,22,40,147.0,160.0,187,186,4,4,1.54,1.33,0.07554,0.433283,6.8281,6.6339
TiNb,-3.6117943085367856,22,41,147.0,146.0,187,207,4,5,1.54,1.6,0.07554,0.9174,6.8281,6.7589
TiMo,-2.2021706440158186,22,42,147.0,139.0,187,209,4,6,1.54,2.16,0.07554,0.74723,6.8281,7.0924
TiTc,-1.8106350921322036,22,43,147.0,136.0,187,209,4,7,1.54,2.1,0.07554,0.636,6.8281,7.28
TiRu,-1.0331678139475875,22,44,147.0,134.0,187,207,4,8,1.54,2.2,0.07554,1.04627,6.8281,7.3605
TiRh,-0.9925685538803969,22,45,147.0,134.0,187,195,4,9,1.54,2.28,0.07554,1.14289,6.8281,7.4589
TiPd,-0.888302788511448,22,46,147.0,137.0,187,202,4,10,1.54,2.2,0.07554,0.56214,6.8281,8.3369
TiAg,-2.476484866339077,22,47,147.0,144.0,187,203,4,11,1.54,1.93,0.07554,1.30447,6.8281,7.5762
TiCd,-2.9145204609014304,22,48,147.0,148.9,187,230,4,12,1.54,1.69,0.07554,-0.7,6.8281,8.9938
TiIn,-4.176688289814801,22,49,147.0,167.0,187,236,4,13,1.54,1.78,0.07554,0.38392,6.8281,5.7864
TiSn,-4.249282894036825,22,50,147.0,151.0,187,233,4,14,1.54,1.96,0.07554,1.11207,6.8281,7.3439
TiW,-2.2412451125953123,22,74,147.0,139.0,187,210,4,6,1.54,1.7,0.07554,0.8165,6.8281,7.864
TiRe,-1.60210721545868,22,75,147.0,137.0,187,217,4,7,1.54,1.9,0.07554,0.060396,6.8281,7.8335
TiOs,-0.7437223541687392,22,76,147.0,135.0,187,216,4,8,1.54,2.2,0.07554,1.077661,6.8281,8.4382
TiIr,-0.7253865525895138,22,77,147.0,135.5,187,202,4,9,1.54,2.2,0.07554,1.564057,6.8281,8.967
TiPt,-1.2749173440689399,22,78,147.0,138.5,187,209,4,10,1.54,2.2,0.07554,2.1251,6.8281,8.9588
TiAu,-2.01881238650913,22,79,147.0,144.0,187,217,4,11,1.54,2.4,0.07554,2.30861,6.8281,9.2255
TiBi,-4.262869072295383,22,83,147.0,154.7,187,243,4,15,1.54,1.9,0.07554,0.942362,6.8281,7.2855
VTi,-3.1122383547835524,23,22,134.0,147.0,179,187,5,4,1.63,1.54,0.52766,0.07554,6.7462,6.8281
VV,-1.5136030102018905,23,23,134.0,134.0,179,179,5,5,1.63,1.63,0.52766,0.52766,6.7462,6.7462
VCr,-1.253081882704691,23,24,134.0,128.0,179,189,5,6,1.63,1.66,0.52766,0.675928,6.7462,6.7665
VMn,-1.1484679031069749,23,25,134.0,127.0,179,197,5,7,1.63,1.55,0.52766,-0.5,6.7462,7.434
VFe,-0.8801459227021007,23,26,134.0,126.0,179,194,5,8,1.63,1.83,0.52766,0.153236,6.7462,7.9024
VCo,-1.0830047557826004,23,27,134.0,125.0,179,192,5,9,1.63,1.88,0.52766,0.662255,6.7462,7.881
VNi,-1.7074268244734332,23,28,134.0,124.0,179,184,5,10,1.63,1.91,0.52766,1.157368,6.7462,7.6399
VCu,-1.7325973739318294,23,29,134.0,128.0,179,186,5,11,1.63,1.9,0.52766,1.23578,6.7462,7.7264
VZn,-1.1728315277268646,23,30,134.0,134.0,179,210,5,12,1.63,1.65,0.52766,-0.6,6.7462,9.3942
VZr,-3.325308918182061,23,40,134.0,160.0,179,186,5,4,1.63,1.33,0.52766,0.433283,6.7462,6.6339
VNb,-2.9494359271768227,23,41,134.0,146.0,179,207,5,5,1.63,1.6,0.52766,0.9174,6.7462,6.7589
VMo,-1.943094395392373,23,42,134.0,139.0,179,209,5,6,1.63,2.16,0.52766,0.74723,6.7462,7.0924
VTc,-1.3842503683410017,23,43,134.0,136.0,179,209,5,7,1.63,2.1,0.52766,0.636,6.7462,7.28
VRu,-0.9999554808552998,23,44,134.0,134.0,179,207,5,8,1.63,2.2,0.52766,1.04627,6.7462,7.3605
VRh,-0.9751261379239686,23,45,134.0,134.0,179,195,5,9,1.63,2.28,0.52766,1.14289,6.7462,7.4589
VPd,-0.9840601299342907,23,46,134.0,137.0,179,202,5,10,1.63,2.2,0.52766,0.56214,6.7462,8.3369
VAg,-2.1522659865289255,23,47,134.0,144.0,179,203,5,11,1.63,1.93,0.52766,1.30447,6.7462,7.5762
VCd,-2.2281378022053957,23,48,134.0,148.9,179,230,5,12,1.63,1.69,0.52766,-0.7,6.7462,8.9938
VIn,-2.8752528749781012,23,49,134.0,167.0,179,236,5,13,1.63,1.78,0.52766,0.38392,6.7462,5.7864
VSn,-3.089373632924318,23,50,134.0,151.0,179,233,5,14,1.63,1.96,0.52766,1.11207,6.7462,7.3439
VW,-1.8282732013247875,23,74,134.0,139.0,179,210,5,6,1.63,1.7,0.52766,0.8165,6.7462,7.864
VRe,-1.1485602949062053,23,75,134.0,137.0,179,217,5,7,1.63,1.9,0.52766,0.060396,6.7462,7.8335
VOs,-0.9035241936655478,23,76,134.0,135.0,179,216,5,8,1.63,2.2,0.52766,1.077661,6.7462,8.4382
VIr,-0.8874664426693033,23,77,134.0,135.5,179,202,5,9,1.63,2.2,0.52766,1.564057,6.7462,8.967
VPt,-1.4164816900502304,23,78,134.0,138.5,179,209,5,10,1.63,2.2,0.52766,2.1251,6.7462,8.9588
VAu,-2.1096067293009426,23,79,134.0,144.0,179,217,5,11,1.63,2.4,0.52766,2.30861,6.7462,9.2255
VBi,-3.1348188036344222,23,83,134.0,154.7,179,243,5,15,1.63,1.9,0.52766,0.942362,6.7462,7.2855
CrTi,-2.2659971445686966,24,22,128.0,147.0,189,187,6,4,1.66,1.54,0.675928,0.07554,6.7665,6.8281
CrV,-0.41589737856973646,24,23,128.0,134.0,189,179,6,5,1.66,1.63,0.675928,0.52766,6.7665,6.7462
CrCr,-0.11087929359867914,24,24,128.0,128.0,189,189,6,6,1.66,1.66,0.675928,0.675928,6.7665,6.7665
CrMn,-0.04291059281599671,24,25,128.0,127.0,189,197,6,7,1.66,1.55,0.675928,-0.5,6.7665,7.434
CrFe,0.1613453800503091,24,26,128.0,126.0,189,194,6,8,1.66,1.83,0.675928,0.153236,6.7665,7.9024
CrCo,0.04046928727154496,24,27,128.0,125.0,189,192,6,9,1.66,1.88,0.675928,0.662255,6.7665,7.881
CrNi,-0.5055861784628669,24,28,128.0,124.0,189,184,6,10,1.66,1.91,0.675928,1.157368,6.7665,7.6399
CrCu,-0.5240713816232756,24,29,128.0,128.0,189,186,6,11,1.66,1.9,0.675928,1.23578,6.7665,7.7264
CrZn,-0.14358305306646965,24,30,128.0,134.0,189,210,6,12,1.66,1.65,0.675928,-0.6,6.7665,9.3942
CrZr,-2.4756588281098413,24,40,128.0,160.0,189,186,6,4,1.66,1.33,0.675928,0.433283,6.7665,6.6339
CrNb,-1.8729292107368556,24,41,128.0,146.0,189,207,6,5,1.66,1.6,0.675928,0.9174,6.7665,6.7589
CrMo,-0.836776353092976,24,42,128.0,139.0,189,209,6,6,1.66,2.16,0.675928,0.74723,6.7665,7.0924
CrTc,-0.3160188484258074,24,43,128.0,136.0,189,209,6,7,1.66,2.1,0.675928,0.636,6.7665,7.28
CrRu,0.2117023990844856,24,44,128.0,134.0,189,207,6,8,1.66,2.2,0.675928,1.04627,6.7665,7.3605
CrRh,0.23850142523950005,24,45,128.0,134.0,189,195,6,9,1.66,2.28,0.675928,1.14289,6.7665,7.4589
CrPd,0.019344404970865137,24,46,128.0,137.0,189,202,6,10,1.66,2.2,0.675928,0.56214,6.7665,8.3369
CrAg,-1.0308103856856898,24,47,128.0,144.0,189,203,6,11,1.66,1.93,0.675928,1.30447,6.7665,7.5762
CrCd,-1.5081135792059424,24,48,128.0,148.9,189,230,6,12,1.66,1.69,0.675928,-0.7,6.7665,8.9938
CrIn,-2.019662629384637,24,49,128.0,167.0,189,236,6,13,1.66,1.78,0.675928,0.38392,6.7665,5.7864
CrSn,-2.1383802215733576,24,50,128.0,151.0,189,233,6,14,1.66,1.96,0.675928,1.11207,6.7665,7.3439
CrW,-0.8260726175095316,24,74,128.0,139.0,189,210,6,6,1.66,1.7,0.675928,0.8165,6.7665,7.864
CrRe,-0.16347230473422472,24,75,128.0,137.0,189,217,6,7,1.66,1.9,0.675928,0.060396,6.7665,7.8335
CrOs,0.23636880483059894,24,76,128.0,135.0,189,216,6,8,1.66,2.2,0.675928,1.077661,6.7665,8.4382
CrIr,0.2508084404801815,24,77,128.0,135.5,189,202,6,9,1.66,2.2,0.675928,1.564057,6.7665,8.967
CrPt,-0.3875061054387072,24,78,128.0,138.5,189,209,6,10,1.66,2.2,0.675928,2.1251,6.7665,8.9588
CrAu,-1.0909042895577479,24,79,128.0,144.0,189,217,6,11,1.66,2.4,0.675928,2.30861,6.7665,9.2255
CrBi,-2.194032316033896,24,83,128.0,154.7,189,243,6,15,1.66,1.9,0.675928,0.942362,6.7665,7.2855
MnTi,-0.19649105775415895,25,22,127.0,147.0,197,187,7,4,1.55,1.54,-0.5,0.07554,7.434,6.8281
MnV,1.0827035785367816,25,23,127.0,134.0,197,179,7,5,1.55,1.63,-0.5,0.52766,7.434,6.7462
MnCr,1.1515543878446681,25,24,127.0,128.0,197,189,7,6,1.55,1.66,-0.5,0.675928,7.434,6.7665
MnMn,1.2092054164584658,25,25,127.0,127.0,197,197,7,7,1.55,1.55,-0.5,-0.5,7.434,7.434
MnFe,1.7298593774277622,25,26,127.0,126.0,197,194,7,8,1.55,1.83,-0.5,0.153236,7.434,7.9024
MnCo,1.6158181004827163,25,27,127.0,125.0,197,192,7,9,1.55,1.88,-0.5,0.662255,7.434,7.881
MnNi,1.201985254696909,25,28,127.0,124.0,197,184,7,10,1.55,1.91,-0.5,1.157368,7.434,7.6399
MnCu,1.1726270800441256,25,29,127.0,128.0,197,186,7,11,1.55,1.9,-0.5,1.23578,7.434,7.7264
MnZn,1.4668546473277186,25,30,127.0,134.0,197,210,7,12,1.55,1.65,-0.5,-0.6,7.434,9.3942
MnZr,-0.3849141340852192,25,40,127.0,160.0,197,186,7,4,1.55,1.33,-0.5,0.433283,7.434,6.6339
MnNb,0.08500134658623505,25,41,127.0,146.0,197,207,7,5,1.55,1.6,-0.5,0.9174,7.434,6.7589
MnMo,1.0308158933441987,25,42,127.0,139.0,197,209,7,6,1.55,2.16,-0.5,0.74723,7.434,7.0924
MnTc,1.0607735730652734,25,43,127.0,136.0,197,209,7,7,1.55,2.1,-0.5,0.636,7.434,7.28
MnRu,1.6643705636294537,25,44,127.0,134.0,197,207,7,8,1.55,2.2,-0.5,1.04627,7.434,7.3605
MnRh,1.5065869331078674,25,45,127.0,134.0,197,195,7,9,1.55,2.28,-0.5,1.14289,7.434,7.4589
MnPd,1.371028648310477,25,46,127.0,137.0,197,202,7,10,1.55,2.2,-0.5,0.56214,7.434,8.3369
MnAg,0.9824969659028124,25,47,127.0,144.0,197,203,7,11,1.55,1.93,-0.5,1.30447,7.434,7.5762
MnCd,0.6858192307230874,25,48,127.0,148.9,197,230,7,12,1.55,1.69,-0.5,-0.7,7.434,8.9938
MnIn,-0.0677357894361099,25,49,127.0,167.0,197,236,7,13,1.55,1.78,-0.5,0.38392,7.434,5.7864
MnSn,-0.17789280385445258,25,50,127.0,151.0,197,233,7,14,1.55,1.96,-0.5,1.11207,7.434,7.3439
MnW,1.072234060899186,25,74,127.0,139.0,197,210,7,6,1.55,1.7,-0.5,0.8165,7.434,7.864
MnRe,1.332658569921864,25,75,127.0,137.0,197,217,7,7,1.55,1.9,-0.5,0.060396,7.434,7.8335
MnOs,1.7765584978773012,25,76,127.0,135.0,197,216,7,8,1.55,2.2,-0.5,1.077661,7.434,8.4382
MnIr,1.6680789266534735,25,77,127.0,135.5,197,202,7,9,1.55,2.2,-0.5,1.564057,7.434,8.967
MnPt,1.534868110351689,25,78,127.0,138.5,197,209,7,10,1.55,2.2,-0.5,2.1251,7.434,8.9588
MnAu,1.0455626101642286,25,79,127.0,144.0,197,217,7,11,1.55,2.4,-0.5,2.30861,7.434,9.2255
MnBi,-0.228522149174795,25,83,127.0,154.7,197,243,7,15,1.55,1.9,-0.5,0.942362,7.434,7.2855
FeTi,0.7927597128495719,26,22,126.0,147.0,194,187,8,4,1.83,1.54,0.153236,0.07554,7.9024,6.8281
FeV,2.035082011429924,26,23,126.0,134.0,194,179,8,5,1.83,1.63,0.153236,0.52766,7.9024,6.7462
FeCr,2.1013745058357287,26,24,126.0,128.0,194,189,8,6,1.83,1.66,0.153236,0.675928,7.9024,6.7665
FeMn,2.0051124849838815,26,25,126.0,127.0,194,197,8,7,1.83,1.55,0.153236,-0.5,7.9024,7.434
FeFe,2.342258451928443,26,26,126.0,126.0,194,194,8,8,1.83,1.83,0.153236,0.153236,7.9024,7.9024
FeCo,2.243384463547743,26,27,126.0,125.0,194,192,8,9,1.83,1.88,0.153236,0.662255,7.9024,7.881
FeNi,1.9966862141573103,26,28,126.0,124.0,194,184,8,10,1.83,1.91,0.153236,1.157368,7.9024,7.6399
FeCu,1.9271641058812776,26,29,126.0,128.0,194,186,8,11,1.83,1.9,0.153236,1.23578,7.9024,7.7264
FeZn,2.011514462149397,26,30,126.0,134.0,194,210,8,12,1.83,1.65,0.153236,-0.6,7.9024,9.3942
FeZr,0.5782899456719394,26,40,126.0,160.0,194,186,8,4,1.83,1.33,0.153236,0.433283,7.9024,6.6339
FeNb,1.037937141167312,26,41,126.0,146.0,194,207,8,5,1.83,1.6,0.153236,0.9174,7.9024,6.7589
FeMo,1.793131838885625,26,42,126.0,139.0,194,209,8,6,1.83,2.16,0.153236,0.74723,7.9024,7.0924
FeTc,1.895501368746917,26,43,126.0,136.0,194,209,8,7,1.83,2.1,0.153236,0.636,7.9024,7.28
FeRu,2.3156249047177546,26,44,126.0,134.0,194,207,8,8,1.83,2.2,0.153236,1.04627,7.9024,7.3605
FeRh,2.1226662390329896,26,45,126.0,134.0,194,195,8,9,1.83,2.28,0.153236,1.14289,7.9024,7.4589
FePd,1.8001144025182214,26,46,126.0,137.0,194,202,8,10,1.83,2.2,0.153236,0.56214,7.9024,8.3369
FeAg,1.6867394042083979,26,47,126.0,144.0,194,203,8,11,1.83,1.93,0.153236,1.30447,7.9024,7.5762
FeCd,1.275417522305249,26,48,126.0,148.9,194,230,8,12,1.83,1.69,0.153236,-0.7,7.9024,8.9938
FeIn,0.8416051098865608,26,49,126.0,167.0,194,236,8,13,1.83,1.78,0.153236,0.38392,7.9024,5.7864
FeSn,0.7277312078093952,26,50,126.0,151.0,194,233,8,14,1.83,1.96,0.153236,1.11207,7.9024,7.3439
FeW,1.750847442994409,26,74,126.0,139.0,194,210,8,6,1.83,1.7,0.153236,0.8165,7.9024,7.864
FeRe,2.010109700651408,26,75,126.0,137.0,194,217,8,7,1.83,1.9,0.153236,0.060396,7.9024,7.8335
FeOs,2.2208656931516093,26,76,126.0,135.0,194,216,8,8,1.83,2.2,0.153236,1.077661,7.9024,8.4382
FeIr,2.0706470454195665,26,77,126.0,135.5,194,202,8,9,1.83,2.2,0.153236,1.564057,7.9024,8.967
FePt,1.9492368036423406,26,78,126.0,138.5,194,209,8,10,1.83,2.2,0.153236,2.1251,7.9024,8.9588
FeAu,1.4373412329724273,26,79,126.0,144.0,194,217,8,11,1.83,2.4,0.153236,2.30861,7.9024,9.2255
FeBi,0.6659300920818803,26,83,126.0,154.7,194,243,8,15,1.83,1.9,0.153236,0.942362,7.9024,7.2855
CoTi,2.5629018043614313,27,22,125.0,147.0,192,187,9,4,1.88,1.54,0.662255,0.07554,7.881,6.8281
CoV,3.3881162432640126,27,23,125.0,134.0,192,179,9,5,1.88,1.63,0.662255,0.52766,7.881,6.7462
CoCr,3.4549311555845432,27,24,125.0,128.0,192,189,9,6,1.88,1.66,0.662255,0.675928,7.881,6.7665
CoMn,3.2737152063309707,27,25,125.0,127.0,192,197,9,7,1.88,1.55,0.662255,-0.5,7.881,7.434
CoFe,3.380533697881436,27,26,125.0,126.0,192,194,9,8,1.88,1.83,0.662255,0.153236,7.881,7.9024
CoCo,3.205175998086726,27,27,125.0,125.0,192,192,9,9,1.88,1.88,0.662255,0.662255,7.881,7.881
CoNi,2.9641279459449623,27,28,125.0,124.0,192,184,9,10,1.88,1.91,0.662255,1.157368,7.881,7.6399
CoCu,2.8964008888107338,27,29,125.0,128.0,192,186,9,11,1.88,1.9,0.662255,1.23578,7.881,7.7264
CoZn,3.1476791283321535,27,30,125.0,134.0,192,210,9,12,1.88,1.65,0.662255,-0.6,7.881,9.3942
CoZr,2.339833456111818,27,40,125.0,160.0,192,186,9,4,1.88,1.33,0.662255,0.433283,7.881,6.6339
CoNb,2.806933825814768,27,41,125.0,146.0,192,207,9,5,1.88,1.6,0.662255,0.9174,7.881,6.7589
CoMo,2.8972756246534854,27,42,125.0,139.0,192,209,9,6,1.88,2.16,0.662255,0.74723,7.881,7.0924
CoTc,2.96909463023317,27,43,125.0,136.0,192,209,9,7,1.88,2.1,0.662255,0.636,7.881,7.28
CoRu,3.3784787384475554,27,44,125.0,134.0,192,207,9,8,1.88,2.2,0.662255,1.04627,7.881,7.3605
CoRh,3.027413763282929,27,45,125.0,134.0,192,195,9,9,1.88,2.28,0.662255,1.14289,7.881,7.4589
CoPd,2.748222757923835,27,46,125.0,137.0,192,202,9,10,1.88,2.2,0.662255,0.56214,7.881,8.3369
CoAg,2.6208408367062956,27,47,125.0,144.0,192,203,9,11,1.88,1.93,0.662255,1.30447,7.881,7.5762
CoCd,2.848161407132842,27,48,125.0,148.9,192,230,9,12,1.88,1.69,0.662255,-0.7,7.881,8.9938
CoIn,2.324034510299358,27,49,125.0,167.0,192,236,9,13,1.88,1.78,0.662255,0.38392,7.881,5.7864
CoSn,2.1374676209531827,27,50,125.0,151.0,192,233,9,14,1.88,1.96,0.662255,1.11207,7.881,7.3439
CoW,3.0433807536104243,27,74,125.0,139.0,192,210,9,6,1.88,1.7,0.662255,0.8165,7.881,7.864
CoRe,3.1006411170175467,27,75,125.0,137.0,192,217,9,7,1.88,1.9,0.662255,0.060396,7.881,7.8335
CoOs,3.2874969205426545,27,76,125.0,135.0,192,216,9,8,1.88,2.2,0.662255,1.077661,7.881,8.4382
CoIr,2.9278447339257205,27,77,125.0,135.5,192,202,9,9,1.88,2.2,0.662255,1.564057,7.881,8.967
CoPt,2.934624158249546,27,78,125.0,138.5,192,209,9,10,1.88,2.2,0.662255,2.1251,7.881,8.9588
CoAu,2.344981861256671,27,79,125.0,144.0,192,217,9,11,1.88,2.4,0.662255,2.30861,7.881,9.2255
CoBi,2.110228042229995,27,83,125.0,154.7,192,243,9,15,1.88,1.9,0.662255,0.942362,7.881,7.2855
NiTi,3.3553283929186857,28,22,124.0,147.0,184,187,10,4,1.91,1.54,1.157368,0.07554,7.6399,6.8281
NiV,4.323959673191422,28,23,124.0,134.0,184,179,10,5,1.91,1.63,1.157368,0.52766,7.6399,6.7462
NiCr,4.363273878643571,28,24,124.0,128.0,184,189,10,6,1.91,1.66,1.157368,0.675928,7.6399,6.7665
NiMn,4.267847290996482,28,25,124.0,127.0,184,197,10,7,1.91,1.55,1.157368,-0.5,7.6399,7.434
NiFe,4.37012899593438,28,26,124.0,126.0,184,194,10,8,1.91,1.83,1.157368,0.153236,7.6399,7.9024
NiCo,4.168840102837444,28,27,124.0,125.0,184,192,10,9,1.91,1.88,1.157368,0.662255,7.6399,7.881
NiNi,3.80631416680822,28,28,124.0,124.0,184,184,10,10,1.91,1.91,1.157368,1.157368,7.6399,7.6399
NiCu,3.7164230628974586,28,29,124.0,128.0,184,186,10,11,1.91,1.9,1.157368,1.23578,7.6399,7.7264
NiZn,3.7464451004602464,28,30,124.0,134.0,184,210,10,12,1.91,1.65,1.157368,-0.6,7.6399,9.3942
NiZr,3.0591356650198342,28,40,124.0,160.0,184,186,10,4,1.91,1.33,1.157368,0.433283,7.6399,6.6339
NiNb,3.7157843139379123,28,41,124.0,146.0,184,207,10,5,1.91,1.6,1.157368,0.9174,7.6399,6.7589
NiMo,3.8152347193982763,28,42,124.0,139.0,184,209,10,6,1.91,2.16,1.157368,0.74723,7.6399,7.0924
NiTc,3.9228208339162123,28,43,124.0,136.0,184,209,10,7,1.91,2.1,1.157368,0.636,7.6399,7.28
NiRu,4.241494974210691,28,44,124.0,134.0,184,207,10,8,1.91,2.2,1.157368,1.04627,7.6399,7.3605
NiRh,3.8783227227668076,28,45,124.0,134.0,184,195,10,9,1.91,2.28,1.157368,1.14289,7.6399,7.4589
NiPd,3.6387145053372536,28,46,124.0,137.0,184,202,10,10,1.91,2.2,1.157368,0.56214,7.6399,8.3369
NiAg,3.4436416759399453,28,47,124.0,144.0,184,203,10,11,1.91,1.93,1.157368,1.30447,7.6399,7.5762
NiCd,3.2096152242995424,28,48,124.0,148.9,184,230,10,12,1.91,1.69,1.157368,-0.7,7.6399,8.9938
NiIn,2.804013995651109,28,49,124.0,167.0,184,236,10,13,1.91,1.78,1.157368,0.38392,7.6399,5.7864
NiSn,2.6140613048125685,28,50,124.0,151.0,184,233,10,14,1.91,1.96,1.157368,1.11207,7.6399,7.3439
NiW,4.093065341927905,28,74,124.0,139.0,184,210,10,6,1.91,1.7,1.157368,0.8165,7.6399,7.864
NiRe,4.08750173840692,28,75,124.0,137.0,184,217,10,7,1.91,1.9,1.157368,0.060396,7.6399,7.8335
NiOs,4.232274140811044,28,76,124.0,135.0,184,216,10,8,1.91,2.2,1.157368,1.077661,7.6399,8.4382
NiIr,3.7749937189410323,28,77,124.0,135.5,184,202,10,9,1.91,2.2,1.157368,1.564057,7.6399,8.967
NiPt,3.8345624107080596,28,78,124.0,138.5,184,209,10,10,1.91,2.2,1.157368,2.1251,7.6399,8.9588
NiAu,3.3650751470660833,28,79,124.0,144.0,184,217,10,11,1.91,2.4,1.157368,2.30861,7.6399,9.2255
NiBi,2.609310090032393,28,83,124.0,154.7,184,243,10,15,1.91,1.9,1.157368,0.942362,7.6399,7.2855
CuTi,2.4503296667995564,29,22,128.0,147.0,186,187,11,4,1.9,1.54,1.23578,0.07554,7.7264,6.8281
CuV,3.2802378924995064,29,23,128.0,134.0,186,179,11,5,1.9,1.63,1.23578,0.52766,7.7264,6.7462
CuCr,3.231879012580708,29,24,128.0,128.0,186,189,11,6,1.9,1.66,1.23578,0.675928,7.7264,6.7665
CuMn,3.390637907448666,29,25,128.0,127.0,186,197,11,7,1.9,1.55,1.23578,-0.5,7.7264,7.434
CuFe,3.6624659262201753,29,26,128.0,126.0,186,194,11,8,1.9,1.83,1.23578,0.153236,7.7264,7.9024
CuCo,3.460433917826341,29,27,128.0,125.0,186,192,11,9,1.9,1.88,1.23578,0.662255,7.7264,7.881
CuNi,3.128861152486884,29,28,128.0,124.0,186,184,11,10,1.9,1.91,1.23578,1.157368,7.7264,7.6399
CuCu,3.051648467456943,29,29,128.0,128.0,186,186,11,11,1.9,1.9,1.23578,1.23578,7.7264,7.7264
CuZn,3.0170292121434388,29,30,128.0,134.0,186,210,11,12,1.9,1.65,1.23578,-0.6,7.7264,9.3942
CuZr,2.1939507515710233,29,40,128.0,160.0,186,186,11,4,1.9,1.33,1.23578,0.433283,7.7264,6.6339
CuNb,2.3753544672632696,29,41,128.0,146.0,186,207,11,5,1.9,1.6,1.23578,0.9174,7.7264,6.7589
CuMo,2.682138644064815,29,42,128.0,139.0,186,209,11,6,1.9,2.16,1.23578,0.74723,7.7264,7.0924
CuTc,2.8085585546737923,29,43,128.0,136.0,186,209,11,7,1.9,2.1,1.23578,0.636,7.7264,7.28
CuRu,3.0997888720723394,29,44,128.0,134.0,186,207,11,8,1.9,2.2,1.23578,1.04627,7.7264,7.3605
CuRh,3.1665023882147194,29,45,128.0,134.0,186,195,11,9,1.9,2.28,1.23578,1.14289,7.7264,7.4589
CuPd,2.9475739255023328,29,46,128.0,137.0,186,202,11,10,1.9,2.2,1.23578,0.56214,7.7264,8.3369
CuAg,2.6372451120773994,29,47,128.0,144.0,186,203,11,11,1.9,1.93,1.23578,1.30447,7.7264,7.5762
CuCd,2.4058045511460016,29,48,128.0,148.9,186,230,11,12,1.9,1.69,1.23578,-0.7,7.7264,8.9938
CuIn,1.9459069455008888,29,49,128.0,167.0,186,236,11,13,1.9,1.78,1.23578,0.38392,7.7264,5.7864
CuSn,1.744645152011346,29,50,128.0,151.0,186,233,11,14,1.9,1.96,1.23578,1.11207,7.7264,7.3439
CuW,2.766191906699167,29,74,128.0,139.0,186,210,11,6,1.9,1.7,1.23578,0.8165,7.7264,7.864
CuRe,3.046196510149534,29,75,128.0,137.0,186,217,11,7,1.9,1.9,1.23578,0.060396,7.7264,7.8335
CuOs,3.154442339422696,29,76,128.0,135.0,186,216,11,8,1.9,2.2,1.23578,1.077661,7.7264,8.4382
CuIr,3.1085010152830943,29,77,128.0,135.5,186,202,11,9,1.9,2.2,1.23578,1.564057,7.7264,8.967
CuPt,2.882829887785727,29,78,128.0,138.5,186,209,11,10,1.9,2.2,1.23578,2.1251,7.7264,8.9588
CuAu,2.5781350634631766,29,79,128.0,144.0,186,217,11,11,1.9,2.4,1.23578,2.30861,7.7264,9.2255
CuBi,1.6971257673620643,29,83,128.0,154.7,186,243,11,15,1.9,1.9,1.23578,0.942362,7.7264,7.2855
ZnTi,2.1224220293614784,30,22,134.0,147.0,210,187,12,4,1.65,1.54,-0.6,0.07554,9.3942,6.8281
ZnV,2.6067761792476722,30,23,134.0,134.0,210,179,12,5,1.65,1.63,-0.6,0.52766,9.3942,6.7462
ZnCr,2.684555682219354,30,24,134.0,128.0,210,189,12,6,1.65,1.66,-0.6,0.675928,9.3942,6.7665
ZnMn,2.8791816793657143,30,25,134.0,127.0,210,197,12,7,1.65,1.55,-0.6,-0.5,9.3942,7.434
ZnFe,3.011852870498613,30,26,134.0,126.0,210,194,12,8,1.65,1.83,-0.6,0.153236,9.3942,7.9024
ZnCo,2.885448824102592,30,27,134.0,125.0,210,192,12,9,1.65,1.88,-0.6,0.662255,9.3942,7.881
ZnNi,2.6714525792976658,30,28,134.0,124.0,210,184,12,10,1.65,1.91,-0.6,1.157368,9.3942,7.6399
ZnCu,2.623743909067289,30,29,134.0,128.0,210,186,12,11,1.65,1.9,-0.6,1.23578,9.3942,7.7264
ZnZn,2.8976259142458853,30,30,134.0,134.0,210,210,12,12,1.65,1.65,-0.6,-0.6,9.3942,9.3942
ZnZr,1.8736967859323472,30,40,134.0,160.0,210,186,12,4,1.65,1.33,-0.6,0.433283,9.3942,6.6339
ZnNb,2.2862279144450395,30,41,134.0,146.0,210,207,12,5,1.65,1.6,-0.6,0.9174,9.3942,6.7589
ZnMo,2.409960317787948,30,42,134.0,139.0,210,209,12,6,1.65,2.16,-0.6,0.74723,9.3942,7.0924
ZnTc,2.490486338275583,30,43,134.0,136.0,210,209,12,7,1.65,2.1,-0.6,0.636,9.3942,7.28
ZnRu,2.6312249867985273,30,44,134.0,134.0,210,207,12,8,1.65,2.2,-0.6,1.04627,9.3942,7.3605
ZnRh,2.6456773152818367,30,45,134.0,134.0,210,195,12,9,1.65,2.28,-0.6,1.14289,9.3942,7.4589
ZnPd,2.7531769922977944,30,46,134.0,137.0,210,202,12,10,1.65,2.2,-0.6,0.56214,9.3942,8.3369
ZnAg,2.7369560820853063,30,47,134.0,144.0,210,203,12,11,1.65,1.93,-0.6,1.30447,9.3942,7.5762
ZnCd,2.0747973603158147,30,48,134.0,148.9,210,230,12,12,1.65,1.69,-0.6,-0.7,9.3942,8.9938
ZnIn,1.609568048671232,30,49,134.0,167.0,210,236,12,13,1.65,1.78,-0.6,0.38392,9.3942,5.7864
ZnSn,1.4996843988725972,30,50,134.0,151.0,210,233,12,14,1.65,1.96,-0.6,1.11207,9.3942,7.3439
ZnW,2.347823647771733,30,74,134.0,139.0,210,210,12,6,1.65,1.7,-0.6,0.8165,9.3942,7.864
ZnRe,2.2207565181167515,30,75,134.0,137.0,210,217,12,7,1.65,1.9,-0.6,0.060396,9.3942,7.8335
ZnOs,2.088809231688597,30,76,134.0,135.0,210,216,12,8,1.65,2.2,-0.6,1.077661,9.3942,8.4382
ZnIr,2.5123025771189615,30,77,134.0,135.5,210,202,12,9,1.65,2.2,-0.6,1.564057,9.3942,8.967
ZnPt,2.6477147229699,30,78,134.0,138.5,210,209,12,10,1.65,2.2,-0.6,2.1251,9.3942,8.9588
ZnAu,1.9940244094934667,30,79,134.0,144.0,210,217,12,11,1.65,2.4,-0.6,2.30861,9.3942,9.2255
ZnBi,1.347876161129301,30,83,134.0,154.7,210,243,12,15,1.65,1.9,-0.6,0.942362,9.3942,7.2855
ZrTi,-4.882875785990589,40,22,160.0,147.0,186,187,4,4,1.33,1.54,0.433283,0.07554,6.6339,6.8281
ZrV,-2.9206648987222215,40,23,160.0,134.0,186,179,4,5,1.33,1.63,0.433283,0.52766,6.6339,6.7462
ZrCr,-2.4224157526536003,40,24,160.0,128.0,186,189,4,6,1.33,1.66,0.433283,0.675928,6.6339,6.7665
ZrMn,-2.250480901819424,40,25,160.0,127.0,186,197,4,7,1.33,1.55,0.433283,-0.5,6.6339,7.434
ZrFe,-1.9024001193568207,40,26,160.0,126.0,186,194,4,8,1.33,1.83,0.433283,0.153236,6.6339,7.9024
ZrCo,-2.0540850416146994,40,27,160.0,125.0,186,192,4,9,1.33,1.88,0.433283,0.662255,6.6339,7.881
ZrNi,-3.10269550735673,40,28,160.0,124.0,186,184,4,10,1.33,1.91,0.433283,1.157368,6.6339,7.6399
ZrCu,-2.9803740305953563,40,29,160.0,128.0,186,186,4,11,1.33,1.9,0.433283,1.23578,6.6339,7.7264
ZrZn,-1.8753549844847466,40,30,160.0,134.0,186,210,4,12,1.33,1.65,0.433283,-0.6,6.6339,9.3942
ZrZr,-6.563236269954546,40,40,160.0,160.0,186,186,4,4,1.33,1.33,0.433283,0.433283,6.6339,6.6339
ZrNb,-4.381398904241292,40,41,160.0,146.0,186,207,4,5,1.33,1.6,0.433283,0.9174,6.6339,6.7589
ZrMo,-2.9943124302403006,40,42,160.0,139.0,186,209,4,6,1.33,2.16,0.433283,0.74723,6.6339,7.0924
ZrTc,-2.5945027649670824,40,43,160.0,136.0,186,209,4,7,1.33,2.1,0.433283,0.636,6.6339,7.28
ZrRu,-1.9536296550576218,40,44,160.0,134.0,186,207,4,8,1.33,2.2,0.433283,1.04627,6.6339,7.3605
ZrRh,-1.9792648007874938,40,45,160.0,134.0,186,195,4,9,1.33,2.28,0.433283,1.14289,6.6339,7.4589
ZrPd,-1.5867207490594246,40,46,160.0,137.0,186,202,4,10,1.33,2.2,0.433283,0.56214,6.6339,8.3369
ZrAg,-3.276763288808418,40,47,160.0,144.0,186,203,4,11,1.33,1.93,0.433283,1.30447,6.6339,7.5762
ZrCd,-3.755464463470708,40,48,160.0,148.9,186,230,4,12,1.33,1.69,0.433283,-0.7,6.6339,8.9938
ZrIn,-5.782738529744651,40,49,160.0,167.0,186,236,4,13,1.33,1.78,0.433283,0.38392,6.6339,5.7864
ZrSn,-5.940127738400258,40,50,160.0,151.0,186,233,4,14,1.33,1.96,0.433283,1.11207,6.6339,7.3439
ZrW,-2.949866310949941,40,74,160.0,139.0,186,210,4,6,1.33,1.7,0.433283,0.8165,6.6339,7.864
ZrRe,-2.30949507273672,40,75,160.0,137.0,186,217,4,7,1.33,1.9,0.433283,0.060396,6.6339,7.8335
ZrOs,-1.5932201793637422,40,76,160.0,135.0,186,216,4,8,1.33,2.2,0.433283,1.077661,6.6339,8.4382
ZrIr,-1.590976975698674,40,77,160.0,135.5,186,202,4,9,1.33,2.2,0.433283,1.564057,6.6339,8.967
ZrPt,-1.9841734257580335,40,78,160.0,138.5,186,209,4,10,1.33,2.2,0.433283,2.1251,6.6339,8.9588
ZrAu,-2.7608100901904664,40,79,160.0,144.0,186,217,4,11,1.33,2.4,0.433283,2.30861,6.6339,9.2255
ZrBi,-5.93814387050955,40,83,160.0,154.7,186,243,4,15,1.33,1.9,0.433283,0.942362,6.6339,7.2855
NbTi,-4.4498459225281755,41,22,146.0,147.0,207,187,5,4,1.6,1.54,0.9174,0.07554,6.7589,6.8281
NbV,-2.4552322535425066,41,23,146.0,134.0,207,179,5,5,1.6,1.63,0.9174,0.52766,6.7589,6.7462
NbCr,-2.195231724299538,41,24,146.0,128.0,207,189,5,6,1.6,1.66,0.9174,0.675928,6.7589,6.7665
NbMn,-2.1462887941363222,41,25,146.0,127.0,207,197,5,7,1.6,1.55,0.9174,-0.5,6.7589,7.434
NbFe,-1.968123616631931,41,26,146.0,126.0,207,194,5,8,1.6,1.83,0.9174,0.153236,6.7589,7.9024
NbCo,-2.046638308848494,41,27,146.0,125.0,207,192,5,9,1.6,1.88,0.9174,0.662255,6.7589,7.881
NbNi,-2.8631763149232787,41,28,146.0,124.0,207,184,5,10,1.6,1.91,0.9174,1.157368,6.7589,7.6399
NbCu,-2.7504841179903567,41,29,146.0,128.0,207,186,5,11,1.6,1.9,0.9174,1.23578,6.7589,7.7264
NbZn,-2.252198257130748,41,30,146.0,134.0,207,210,5,12,1.6,1.65,0.9174,-0.6,6.7589,9.3942
NbZr,-5.112793358995607,41,40,146.0,160.0,207,186,5,4,1.6,1.33,0.9174,0.433283,6.7589,6.6339
NbNb,-3.933381852057327,41,41,146.0,146.0,207,207,5,5,1.6,1.6,0.9174,0.9174,6.7589,6.7589
NbMo,-2.880379129550221,41,42,146.0,139.0,207,209,5,6,1.6,2.16,0.9174,0.74723,6.7589,7.0924
NbTc,-2.4543529285295342,41,43,146.0,136.0,207,209,5,7,1.6,2.1,0.9174,0.636,6.7589,7.28
NbRu,-1.9285510055041528,41,44,146.0,134.0,207,207,5,8,1.6,2.2,0.9174,1.04627,6.7589,7.3605
NbRh,-1.9745876315960107,41,45,146.0,134.0,207,195,5,9,1.6,2.28,0.9174,1.14289,6.7589,7.4589
NbPd,-1.9479073632510189,41,46,146.0,137.0,207,202,5,10,1.6,2.2,0.9174,0.56214,6.7589,8.3369
NbAg,-3.3165827240003436,41,47,146.0,144.0,207,203,5,11,1.6,1.93,0.9174,1.30447,6.7589,7.5762
NbCd,-3.9481082028034336,41,48,146.0,148.9,207,230,5,12,1.6,1.69,0.9174,-0.7,6.7589,8.9938
NbIn,-4.846864053419571,41,49,146.0,167.0,207,236,5,13,1.6,1.78,0.9174,0.38392,6.7589,5.7864
NbSn,-4.914795515941134,41,50,146.0,151.0,207,233,5,14,1.6,1.96,0.9174,1.11207,6.7589,7.3439
NbW,-2.8813967461108407,41,74,146.0,139.0,207,210,5,6,1.6,1.7,0.9174,0.8165,6.7589,7.864
NbRe,-2.282459064602694,41,75,146.0,137.0,207,217,5,7,1.6,1.9,0.9174,0.060396,6.7589,7.8335
NbOs,-1.7500814570148027,41,76,146.0,135.0,207,216,5,8,1.6,2.2,0.9174,1.077661,6.7589,8.4382
NbIr,-1.768988532195488,41,77,146.0,135.5,207,202,5,9,1.6,2.2,0.9174,1.564057,6.7589,8.967
NbPt,-2.346367730032737,41,78,146.0,138.5,207,209,5,10,1.6,2.2,0.9174,2.1251,6.7589,8.9588
NbAu,-3.1460917266775197,41,79,146.0,144.0,207,217,5,11,1.6,2.4,0.9174,2.30861,6.7589,9.2255
NbBi,-4.928041320941057,41,83,146.0,154.7,207,243,5,15,1.6,1.9,0.9174,0.942362,6.7589,7.2855
MoTi,-3.407196962605346,42,22,139.0,147.0,209,187,6,4,2.16,1.54,0.74723,0.07554,7.0924,6.8281
MoV,-1.7438552157513614,42,23,139.0,134.0,209,179,6,5,2.16,1.63,0.74723,0.52766,7.0924,6.7462
MoCr,-1.4506841361358855,42,24,139.0,128.0,209,189,6,6,2.16,1.66,0.74723,0.675928,7.0924,6.7665
MoMn,-1.3664212026358216,42,25,139.0,127.0,209,197,6,7,2.16,1.55,0.74723,-0.5,7.0924,7.434
MoFe,-1.3336272591617124,42,26,139.0,126.0,209,194,6,8,2.16,1.83,0.74723,0.153236,7.0924,7.9024
MoCo,-1.3359231057107972,42,27,139.0,125.0,209,192,6,9,2.16,1.88,0.74723,0.662255,7.0924,7.881
MoNi,-1.9835868503347585,42,28,139.0,124.0,209,184,6,10,2.16,1.91,0.74723,1.157368,7.0924,7.6399
MoCu,-1.868793898786921,42,29,139.0,128.0,209,186,6,11,2.16,1.9,0.74723,1.23578,7.0924,7.7264
MoZn,-1.8853824194118134,42,30,139.0,134.0,209,210,6,12,2.16,1.65,0.74723,-0.6,7.0924,9.3942
MoZr,-3.576680811776332,42,40,139.0,160.0,209,186,6,4,2.16,1.33,0.74723,0.433283,7.0924,6.6339
MoNb,-2.7928879895723773,42,41,139.0,146.0,209,207,6,5,2.16,1.6,0.74723,0.9174,7.0924,6.7589
MoMo,-2.08136663181247,42,42,139.0,139.0,209,209,6,6,2.16,2.16,0.74723,0.74723,7.0924,7.0924
MoTc,-1.6528655402086312,42,43,139.0,136.0,209,209,6,7,2.16,2.1,0.74723,0.636,7.0924,7.28
MoRu,-1.0686904283603706,42,44,139.0,134.0,209,207,6,8,2.16,2.2,0.74723,1.04627,7.0924,7.3605
MoRh,-1.1216769707378877,42,45,139.0,134.0,209,195,6,9,2.16,2.28,0.74723,1.14289,7.0924,7.4589
MoPd,-1.2179099800738384,42,46,139.0,137.0,209,202,6,10,2.16,2.2,0.74723,0.56214,7.0924,8.3369
MoAg,-2.351623847502342,42,47,139.0,144.0,209,203,6,11,2.16,1.93,0.74723,1.30447,7.0924,7.5762
MoCd,-3.125155851481584,42,48,139.0,148.9,209,230,6,12,2.16,1.69,0.74723,-0.7,7.0924,8.9938
MoIn,-3.497332935445071,42,49,139.0,167.0,209,236,6,13,2.16,1.78,0.74723,0.38392,7.0924,5.7864
MoSn,-3.47597137707081,42,50,139.0,151.0,209,233,6,14,2.16,1.96,0.74723,1.11207,7.0924,7.3439
MoW,-2.0972805383032624,42,74,139.0,139.0,209,210,6,6,2.16,1.7,0.74723,0.8165,7.0924,7.864
MoRe,-1.57615540707532,42,75,139.0,137.0,209,217,6,7,2.16,1.9,0.74723,0.060396,7.0924,7.8335
MoOs,-0.9232518812159219,42,76,139.0,135.0,209,216,6,8,2.16,2.2,0.74723,1.077661,7.0924,8.4382
MoIr,-0.9679869165608844,42,77,139.0,135.5,209,202,6,9,2.16,2.2,0.74723,1.564057,7.0924,8.967
MoPt,-1.5401572546858513,42,78,139.0,138.5,209,209,6,10,2.16,2.2,0.74723,2.1251,7.0924,8.9588
MoAu,-2.2989367504057063,42,79,139.0,144.0,209,217,6,11,2.16,2.4,0.74723,2.30861,7.0924,9.2255
MoBi,-3.4759725651868427,42,83,139.0,154.7,209,243,6,15,2.16,1.9,0.74723,0.942362,7.0924,7.2855
TcTi,-2.501805071635965,43,22,136.0,147.0,209,187,7,4,2.1,1.54,0.636,0.07554,7.28,6.8281
TcV,-0.6461836362902843,43,23,136.0,134.0,209,179,7,5,2.1,1.63,0.636,0.52766,7.28,6.7462
TcCr,-0.3584038394513632,43,24,136.0,128.0,209,189,7,6,2.1,1.66,0.636,0.675928,7.28,6.7665
TcMn,-0.12474518293208026,43,25,136.0,127.0,209,197,7,7,2.1,1.55,0.636,-0.5,7.28,7.434
TcFe,-0.04734998167948,43,26,136.0,126.0,209,194,7,8,2.1,1.83,0.636,0.153236,7.28,7.9024
TcCo,-0.0914822201895218,43,27,136.0,125.0,209,192,7,9,2.1,1.88,0.636,0.662255,7.28,7.881
TcNi,-0.6377108186827658,43,28,136.0,124.0,209,184,7,10,2.1,1.91,0.636,1.157368,7.28,7.6399
TcCu,-0.6839198191480436,43,29,136.0,128.0,209,186,7,11,2.1,1.9,0.636,1.23578,7.28,7.7264
TcZn,-0.7176829981986353,43,30,136.0,134.0,209,210,7,12,2.1,1.65,0.636,-0.6,7.28,9.3942
TcZr,-2.6245321339846264,43,40,136.0,160.0,209,186,7,4,2.1,1.33,0.636,0.433283,7.28,6.6339
TcNb,-1.8479650144154927,43,41,136.0,146.0,209,207,7,5,2.1,1.6,0.636,0.9174,7.28,6.7589
TcMo,-0.9953808953872791,43,42,136.0,139.0,209,209,7,6,2.1,2.16,0.636,0.74723,7.28,7.0924
TcTc,-0.5120125349276812,43,43,136.0,136.0,209,209,7,7,2.1,2.1,0.636,0.636,7.28,7.28
TcRu,-0.1050467928733707,43,44,136.0,134.0,209,207,7,8,2.1,2.2,0.636,1.04627,7.28,7.3605
TcRh,-0.2026849930693753,43,45,136.0,134.0,209,195,7,9,2.1,2.28,0.636,1.14289,7.28,7.4589
TcPd,-0.3277542426190365,43,46,136.0,137.0,209,202,7,10,2.1,2.2,0.636,0.56214,7.28,8.3369
TcAg,-1.209434801573839,43,47,136.0,144.0,209,203,7,11,2.1,1.93,0.636,1.30447,7.28,7.5762
TcCd,-2.107531603481875,43,48,136.0,148.9,209,230,7,12,2.1,1.69,0.636,-0.7,7.28,8.9938
TcIn,-2.4462267642348077,43,49,136.0,167.0,209,236,7,13,2.1,1.78,0.636,0.38392,7.28,5.7864
TcSn,-2.4854268990667028,43,50,136.0,151.0,209,233,7,14,2.1,1.96,0.636,1.11207,7.28,7.3439
TcW,-0.9454138590624928,43,74,136.0,139.0,209,210,7,6,2.1,1.7,0.636,0.8165,7.28,7.864
TcRe,-0.3700147799456196,43,75,136.0,137.0,209,217,7,7,2.1,1.9,0.636,0.060396,7.28,7.8335
TcOs,-0.0287764463881543,43,76,136.0,135.0,209,216,7,8,2.1,2.2,0.636,1.077661,7.28,8.4382
TcIr,-0.07520080895085547,43,77,136.0,135.5,209,202,7,9,2.1,2.2,0.636,1.564057,7.28,8.967
TcPt,-0.68479619258478,43,78,136.0,138.5,209,209,7,10,2.1,2.2,0.636,2.1251,7.28,8.9588
TcAu,-1.5079447259683458,43,79,136.0,144.0,209,217,7,11,2.1,2.4,0.636,2.30861,7.28,9.2255
TcBi,-2.5234344309358296,43,83,136.0,154.7,209,243,7,15,2.1,1.9,0.636,0.942362,7.28,7.2855
RuTi,0.5494588420158901,44,22,134.0,147.0,207,187,8,4,2.2,1.54,1.04627,0.07554,7.3605,6.8281
RuV,1.4407171908503469,44,23,134.0,134.0,207,179,8,5,2.2,1.63,1.04627,0.52766,7.3605,6.7462
RuCr,1.5936242120363466,44,24,134.0,128.0,207,189,8,6,2.2,1.66,1.04627,0.675928,7.3605,6.7665
RuMn,1.9293019182675295,44,25,134.0,127.0,207,197,8,7,2.2,1.55,1.04627,-0.5,7.3605,7.434
RuFe,1.9307404172537725,44,26,134.0,126.0,207,194,8,8,2.2,1.83,1.04627,0.153236,7.3605,7.9024
RuCo,1.8803379466304175,44,27,134.0,125.0,207,192,8,9,2.2,1.88,1.04627,0.662255,7.3605,7.881
RuNi,1.3153638553463918,44,28,134.0,124.0,207,184,8,10,2.2,1.91,1.04627,1.157368,7.3605,7.6399
RuCu,1.2229304732885184,44,29,134.0,128.0,207,186,8,11,2.2,1.9,1.04627,1.23578,7.3605,7.7264
RuZn,0.898288102586166,44,30,134.0,134.0,207,210,8,12,2.2,1.65,1.04627,-0.6,7.3605,9.3942
RuZr,0.3372528852030921,44,40,134.0,160.0,207,186,8,4,2.2,1.33,1.04627,0.433283,7.3605,6.6339
RuNb,0.7895941424094352,44,41,134.0,146.0,207,207,8,5,2.2,1.6,1.04627,0.9174,7.3605,6.7589
RuMo,1.2056027733503774,44,42,134.0,139.0,207,209,8,6,2.2,2.16,1.04627,0.74723,7.3605,7.0924
RuTc,1.2732523404621747,44,43,134.0,136.0,207,209,8,7,2.2,2.1,1.04627,0.636,7.3605,7.28
RuRu,1.7511032104439033,44,44,134.0,134.0,207,207,8,8,2.2,2.2,1.04627,1.04627,7.3605,7.3605
RuRh,1.6597987094956272,44,45,134.0,134.0,207,195,8,9,2.2,2.28,1.04627,1.14289,7.3605,7.4589
RuPd,1.3097993111930981,44,46,134.0,137.0,207,202,8,10,2.2,2.2,1.04627,0.56214,7.3605,8.3369
RuAg,1.093414483654345,44,47,134.0,144.0,207,203,8,11,2.2,1.93,1.04627,1.30447,7.3605,7.5762
RuCd,0.39246489945432167,44,48,134.0,148.9,207,230,8,12,2.2,1.69,1.04627,-0.7,7.3605,8.9938
RuIn,0.11994325195232702,44,49,134.0,167.0,207,236,8,13,2.2,1.78,1.04627,0.38392,7.3605,5.7864
RuSn,0.09933760757635825,44,50,134.0,151.0,207,233,8,14,2.2,1.96,1.04627,1.11207,7.3605,7.3439
RuW,1.2788672937070533,44,74,134.0,139.0,207,210,8,6,2.2,1.7,1.04627,0.8165,7.3605,7.864
RuRe,1.4385475794761207,44,75,134.0,137.0,207,217,8,7,2.2,1.9,1.04627,0.060396,7.3605,7.8335
RuOs,1.8500955020013843,44,76,134.0,135.0,207,216,8,8,2.2,2.2,1.04627,1.077661,7.3605,8.4382
RuIr,1.7712862933089601,44,77,134.0,135.5,207,202,8,9,2.2,2.2,1.04627,1.564057,7.3605,8.967
RuPt,1.3546274274776413,44,78,134.0,138.5,207,209,8,10,2.2,2.2,1.04627,2.1251,7.3605,8.9588
RuAu,0.7622822382138933,44,79,134.0,144.0,207,217,8,11,2.2,2.4,1.04627,2.30861,7.3605,9.2255
RuBi,0.05485591606053029,44,83,134.0,154.7,207,243,8,15,2.2,1.9,1.04627,0.942362,7.3605,7.2855
RhTi,2.6511038712136874,45,22,134.0,147.0,195,187,9,4,2.28,1.54,1.14289,0.07554,7.4589,6.8281
RhV,3.2010242220310716,45,23,134.0,134.0,195,179,9,5,2.28,1.63,1.14289,0.52766,7.4589,6.7462
RhCr,3.2572152128142133,45,24,134.0,128.0,195,189,9,6,2.28,1.66,1.14289,0.675928,7.4589,6.7665
RhMn,3.4803549240879184,45,25,134.0,127.0,195,197,9,7,2.28,1.55,1.14289,-0.5,7.4589,7.434
RhFe,3.591470269642742,45,26,134.0,126.0,195,194,9,8,2.28,1.83,1.14289,0.153236,7.4589,7.9024
RhCo,3.5410677990193857,45,27,134.0,125.0,195,192,9,9,2.28,1.88,1.14289,0.662255,7.4589,7.881
RhNi,2.9572809927856474,45,28,134.0,124.0,195,184,9,10,2.28,1.91,1.14289,1.157368,7.4589,7.6399
RhCu,2.864847610727775,45,29,134.0,128.0,195,186,9,11,2.28,1.9,1.14289,1.23578,7.4589,7.7264
RhZn,2.2395667076979415,45,30,134.0,134.0,195,210,9,12,2.28,1.65,1.14289,-0.6,7.4589,9.3942
RhZr,2.4623593209383046,45,40,134.0,160.0,195,186,9,4,2.28,1.33,1.14289,0.433283,7.4589,6.6339
RhNb,2.7005607284273796,45,41,134.0,146.0,195,207,9,5,2.28,1.6,1.14289,0.9174,7.4589,6.7589
RhMo,2.6831703078238913,45,42,134.0,139.0,195,209,9,6,2.28,2.16,1.14289,0.74723,7.4589,7.0924
RhTc,2.7765333160739396,45,43,134.0,136.0,195,209,9,7,2.28,2.1,1.14289,0.636,7.4589,7.28
RhRu,3.2972703919073583,45,44,134.0,134.0,195,207,9,8,2.28,2.2,1.14289,1.04627,7.4589,7.3605
RhRh,3.2933325792935606,45,45,134.0,134.0,195,195,9,9,2.28,2.28,1.14289,1.14289,7.4589,7.4589
RhPd,2.6488948678474333,45,46,134.0,137.0,195,202,9,10,2.28,2.2,1.14289,0.56214,7.4589,8.3369
RhAg,2.4385283787522534,45,47,134.0,144.0,195,203,9,11,2.28,1.93,1.14289,1.30447,7.4589,7.5762
RhCd,2.2042043178384314,45,48,134.0,148.9,195,230,9,12,2.28,1.69,1.14289,-0.7,7.4589,8.9938
RhIn,2.0315911732312517,45,49,134.0,167.0,195,236,9,13,2.28,1.78,1.14289,0.38392,7.4589,5.7864
RhSn,2.0109855288552807,45,50,134.0,151.0,195,233,9,14,2.28,1.96,1.14289,1.11207,7.4589,7.3439
RhW,2.793151594187428,45,74,134.0,139.0,195,210,9,6,2.28,1.7,1.14289,0.8165,7.4589,7.864
RhRe,3.0657856084472668,45,75,134.0,137.0,195,217,9,7,2.28,1.9,1.14289,0.060396,7.4589,7.8335
RhOs,3.4793100359651903,45,76,134.0,135.0,195,216,9,8,2.28,2.2,1.14289,1.077661,7.4589,8.4382
RhIr,3.1654808447487035,45,77,134.0,135.5,195,202,9,9,2.28,2.2,1.14289,1.564057,7.4589,8.967
RhPt,2.6229915313768584,45,78,134.0,138.5,195,209,9,10,2.28,2.2,1.14289,2.1251,7.4589,8.9588
RhAu,2.1130235624110387,45,79,134.0,144.0,195,217,9,11,2.28,2.4,1.14289,2.30861,7.4589,9.2255
RhBi,1.966503837339456,45,83,134.0,154.7,195,243,9,15,2.28,1.9,1.14289,0.942362,7.4589,7.2855
PdTi,3.546800404233727,46,22,137.0,147.0,202,187,10,4,2.2,1.54,0.56214,0.07554,8.3369,6.8281
PdV,4.210540979957192,46,23,137.0,134.0,202,179,10,5,2.2,1.63,0.56214,0.52766,8.3369,6.7462
PdCr,4.268098231450303,46,24,137.0,128.0,202,189,10,6,2.2,1.66,0.56214,0.675928,8.3369,6.7665
PdMn,4.245578875131783,46,25,137.0,127.0,202,197,10,7,2.2,1.55,0.56214,-0.5,8.3369,7.434
PdFe,4.3861247852851255,46,26,137.0,126.0,202,194,10,8,2.2,1.83,0.56214,0.153236,8.3369,7.9024
PdCo,4.395708735744823,46,27,137.0,125.0,202,192,10,9,2.2,1.88,0.56214,0.662255,8.3369,7.881
PdNi,4.034776066627361,46,28,137.0,124.0,202,184,10,10,2.2,1.91,0.56214,1.157368,8.3369,7.6399
PdCu,4.080309132912609,46,29,137.0,128.0,202,186,10,11,2.2,1.9,0.56214,1.23578,8.3369,7.7264
PdZn,3.835069320941722,46,30,137.0,134.0,202,210,10,12,2.2,1.65,0.56214,-0.6,8.3369,9.3942
PdZr,3.3742348828190893,46,40,137.0,160.0,202,186,10,4,2.2,1.33,0.56214,0.433283,8.3369,6.6339
PdNb,3.8762813351258134,46,41,137.0,146.0,202,207,10,5,2.2,1.6,0.56214,0.9174,8.3369,6.7589
PdMo,3.9196510024537554,46,42,137.0,139.0,202,209,10,6,2.2,2.16,0.56214,0.74723,8.3369,7.0924
PdTc,3.992248781523656,46,43,137.0,136.0,202,209,10,7,2.2,2.1,0.56214,0.636,8.3369,7.28
PdRu,4.345179032873329,46,44,137.0,134.0,202,207,10,8,2.2,2.2,0.56214,1.04627,8.3369,7.3605
PdRh,4.307600592991498,46,45,137.0,134.0,202,195,10,9,2.2,2.28,0.56214,1.14289,8.3369,7.4589
PdPd,4.16700721791983,46,46,137.0,137.0,202,202,10,10,2.2,2.2,0.56214,0.56214,8.3369,8.3369
PdAg,3.935634751501241,46,47,137.0,144.0,202,203,10,11,2.2,1.93,0.56214,1.30447,8.3369,7.5762
PdCd,3.419832217067227,46,48,137.0,148.9,202,230,10,12,2.2,1.69,0.56214,-0.7,8.3369,8.9938
PdIn,3.097960474580337,46,49,137.0,167.0,202,236,10,13,2.2,1.78,0.56214,0.38392,8.3369,5.7864
PdSn,3.128565800580071,46,50,137.0,151.0,202,233,10,14,2.2,1.96,0.56214,1.11207,8.3369,7.3439
PdW,3.8798366994368303,46,74,137.0,139.0,202,210,10,6,2.2,1.7,0.56214,0.8165,8.3369,7.864
PdRe,4.023337216684735,46,75,137.0,137.0,202,217,10,7,2.2,1.9,0.56214,0.060396,8.3369,7.8335
PdOs,4.403510642226874,46,76,137.0,135.0,202,216,10,8,2.2,2.2,0.56214,1.077661,8.3369,8.4382
PdIr,4.3149606545193055,46,77,137.0,135.5,202,202,10,9,2.2,2.2,0.56214,1.564057,8.3369,8.967
PdPt,4.253512012306356,46,78,137.0,138.5,202,209,10,10,2.2,2.2,0.56214,2.1251,8.3369,8.9588
PdAu,3.9352343196303496,46,79,137.0,144.0,202,217,10,11,2.2,2.4,0.56214,2.30861,8.3369,9.2255
PdBi,3.121127276126029,46,83,137.0,154.7,202,243,10,15,2.2,1.9,0.56214,0.942362,8.3369,7.2855
AgTi,3.0697841741524905,47,22,144.0,147.0,203,187,11,4,1.93,1.54,1.30447,0.07554,7.5762,6.8281
AgV,4.154099322331799,47,23,144.0,134.0,203,179,11,5,1.93,1.63,1.30447,0.52766,7.5762,6.7462
AgCr,4.194695073102675,47,24,144.0,128.0,203,189,11,6,1.93,1.66,1.30447,0.675928,7.5762,6.7665
AgMn,4.050312265531071,47,25,144.0,127.0,203,197,11,7,1.93,1.55,1.30447,-0.5,7.5762,7.434
AgFe,4.398311937195094,47,26,144.0,126.0,203,194,11,8,1.93,1.83,1.30447,0.153236,7.5762,7.9024
AgCo,4.396171455185735,47,27,144.0,125.0,203,192,11,9,1.93,1.88,1.30447,0.662255,7.5762,7.881
AgNi,4.090531393086562,47,28,144.0,124.0,203,184,11,10,1.93,1.91,1.30447,1.157368,7.5762,7.6399
AgCu,4.152304722327241,47,29,144.0,128.0,203,186,11,11,1.93,1.9,1.30447,1.23578,7.5762,7.7264
AgZn,3.582814239931975,47,30,144.0,134.0,203,210,11,12,1.93,1.65,1.30447,-0.6,7.5762,9.3942
AgZr,2.418467098225131,47,40,144.0,160.0,203,186,11,4,1.93,1.33,1.30447,0.433283,7.5762,6.6339
AgNb,3.345725203467783,47,41,144.0,146.0,203,207,11,5,1.93,1.6,1.30447,0.9174,7.5762,6.7589
AgMo,3.698316251805077,47,42,144.0,139.0,203,209,11,6,1.93,2.16,1.30447,0.74723,7.5762,7.0924
AgTc,3.74919272942886,47,43,144.0,136.0,203,209,11,7,1.93,2.1,1.30447,0.636,7.5762,7.28
AgRu,4.2030078392705335,47,44,144.0,134.0,203,207,11,8,1.93,2.2,1.30447,1.04627,7.5762,7.3605
AgRh,4.246068019344503,47,45,144.0,134.0,203,195,11,9,1.93,2.28,1.30447,1.14289,7.5762,7.4589
AgPd,4.064001064718883,47,46,144.0,137.0,203,202,11,10,1.93,2.2,1.30447,0.56214,7.5762,8.3369
AgAg,3.694476267363691,47,47,144.0,144.0,203,203,11,11,1.93,1.93,1.30447,1.30447,7.5762,7.5762
AgCd,2.9168466983501418,47,48,144.0,148.9,203,230,11,12,1.93,1.69,1.30447,-0.7,7.5762,8.9938
AgIn,2.121338026223869,47,49,144.0,167.0,203,236,11,13,1.93,1.78,1.30447,0.38392,7.5762,5.7864
AgSn,2.160578551132823,47,50,144.0,151.0,203,233,11,14,1.93,1.96,1.30447,1.11207,7.5762,7.3439
AgW,3.7361791827770556,47,74,144.0,139.0,203,210,11,6,1.93,1.7,1.30447,0.8165,7.5762,7.864
AgRe,3.8800493440864683,47,75,144.0,137.0,203,217,11,7,1.93,1.9,1.30447,0.060396,7.5762,7.8335
AgOs,4.3607379840590985,47,76,144.0,135.0,203,216,11,8,1.93,2.2,1.30447,1.077661,7.5762,8.4382
AgIr,4.260836673919541,47,77,144.0,135.5,203,202,11,9,1.93,2.2,1.30447,1.564057,7.5762,8.967
AgPt,4.090030752263438,47,78,144.0,138.5,203,209,11,10,1.93,2.2,1.30447,2.1251,7.5762,8.9588
AgAu,3.769544560837966,47,79,144.0,144.0,203,217,11,11,1.93,2.4,1.30447,2.30861,7.5762,9.2255
AgBi,2.152176849987471,47,83,144.0,154.7,203,243,11,15,1.93,1.9,1.30447,0.942362,7.5762,7.2855
CdTi,0.1698910309943174,48,22,148.9,147.0,230,187,12,4,1.69,1.54,-0.7,0.07554,8.9938,6.8281
CdV,0.900881309923783,48,23,148.9,134.0,230,179,12,5,1.69,1.63,-0.7,0.52766,8.9938,6.7462
CdCr,1.1305415860452495,48,24,148.9,128.0,230,189,12,6,1.69,1.66,-0.7,0.675928,8.9938,6.7665
CdMn,1.0855451025747809,48,25,148.9,127.0,230,197,12,7,1.69,1.55,-0.7,-0.5,8.9938,7.434
CdFe,1.5683149718038314,48,26,148.9,126.0,230,194,12,8,1.69,1.83,-0.7,0.153236,8.9938,7.9024
CdCo,1.5012800292104325,48,27,148.9,125.0,230,192,12,9,1.69,1.88,-0.7,0.662255,8.9938,7.881
CdNi,0.7857402283775565,48,28,148.9,124.0,230,184,12,10,1.69,1.91,-0.7,1.157368,8.9938,7.6399
CdCu,0.8879673064655712,48,29,148.9,128.0,230,186,12,11,1.69,1.9,-0.7,1.23578,8.9938,7.7264
CdZn,1.6229394772388768,48,30,148.9,134.0,230,210,12,12,1.69,1.65,-0.7,-0.6,8.9938,9.3942
CdZr,-0.890301165869192,48,40,148.9,160.0,230,186,12,4,1.69,1.33,-0.7,0.433283,8.9938,6.6339
CdNb,0.567510944461498,48,41,148.9,146.0,230,207,12,5,1.69,1.6,-0.7,0.9174,8.9938,6.7589
CdMo,0.9487423010557269,48,42,148.9,139.0,230,209,12,6,1.69,2.16,-0.7,0.74723,8.9938,7.0924
CdTc,1.0288594001414426,48,43,148.9,136.0,230,209,12,7,1.69,2.1,-0.7,0.636,8.9938,7.28
CdRu,1.268714970971104,48,44,148.9,134.0,230,207,12,8,1.69,2.2,-0.7,1.04627,8.9938,7.3605
CdRh,1.254836959158562,48,45,148.9,134.0,230,195,12,9,1.69,2.28,-0.7,1.14289,8.9938,7.4589
CdPd,1.7592916832782244,48,46,148.9,137.0,230,202,12,10,1.69,2.2,-0.7,0.56214,8.9938,8.3369
CdAg,1.019945970912255,48,47,148.9,144.0,230,203,12,11,1.69,1.93,-0.7,1.30447,8.9938,7.5762
CdCd,0.709281626604585,48,48,148.9,148.9,230,230,12,12,1.69,1.69,-0.7,-0.7,8.9938,8.9938
CdIn,-0.7287557292151127,48,49,148.9,167.0,230,236,12,13,1.69,1.78,-0.7,0.38392,8.9938,5.7864
CdSn,-0.7608116475410956,48,50,148.9,151.0,230,233,12,14,1.69,1.96,-0.7,1.11207,8.9938,7.3439
CdW,0.8284107580454954,48,74,148.9,139.0,230,210,12,6,1.69,1.7,-0.7,0.8165,8.9938,7.864
CdRe,0.9111366218499731,48,75,148.9,137.0,230,217,12,7,1.69,1.9,-0.7,0.060396,8.9938,7.8335
CdOs,1.4023241249195195,48,76,148.9,135.0,230,216,12,8,1.69,2.2,-0.7,1.077661,8.9938,8.4382
CdIr,1.6142258605952742,48,77,148.9,135.5,230,202,12,9,1.69,2.2,-0.7,1.564057,8.9938,8.967
CdPt,1.7854825886436136,48,78,148.9,138.5,230,209,12,10,1.69,2.2,-0.7,2.1251,8.9938,8.9588
CdAu,1.227984276725516,48,79,148.9,144.0,230,217,12,11,1.69,2.4,-0.7,2.30861,8.9938,9.2255
CdBi,-0.7814947888790252,48,83,148.9,154.7,230,243,12,15,1.69,1.9,-0.7,0.942362,8.9938,7.2855
InTi,-3.496502947366816,49,22,167.0,147.0,236,187,13,4,1.78,1.54,0.38392,0.07554,5.7864,6.8281
InV,-2.0048453851516954,49,23,167.0,134.0,236,179,13,5,1.78,1.63,0.38392,0.52766,5.7864,6.7462
InCr,-1.3960034887301165,49,24,167.0,128.0,236,189,13,6,1.78,1.66,0.38392,0.675928,5.7864,6.7665
InMn,-1.2863249645010695,49,25,167.0,127.0,236,197,13,7,1.78,1.55,0.38392,-0.5,5.7864,7.434
InFe,-0.724303204350031,49,26,167.0,126.0,236,194,13,8,1.78,1.83,0.38392,0.153236,5.7864,7.9024
InCo,-0.7121275514368623,49,27,167.0,125.0,236,192,13,9,1.78,1.88,0.38392,0.662255,5.7864,7.881
InNi,-1.9550476862229031,49,28,167.0,124.0,236,184,13,10,1.78,1.91,0.38392,1.157368,5.7864,7.6399
InCu,-1.8425218729342823,49,29,167.0,128.0,236,186,13,11,1.78,1.9,0.38392,1.23578,5.7864,7.7264
InZn,-0.4343615375102924,49,30,167.0,134.0,236,210,13,12,1.78,1.65,0.38392,-0.6,5.7864,9.3942
InZr,-5.21813425402919,49,40,167.0,160.0,236,186,13,4,1.78,1.33,0.38392,0.433283,5.7864,6.6339
InNb,-2.6855523890019444,49,41,167.0,146.0,236,207,13,5,1.78,1.6,0.38392,0.9174,5.7864,6.7589
InMo,-1.8043240357197963,49,42,167.0,139.0,236,209,13,6,1.78,2.16,0.38392,0.74723,5.7864,7.0924
InTc,-1.2034869133517554,49,43,167.0,136.0,236,209,13,7,1.78,2.1,0.38392,0.636,5.7864,7.28
InRu,-1.0465648084576915,49,44,167.0,134.0,236,207,13,8,1.78,2.2,0.38392,1.04627,5.7864,7.3605
InRh,-1.0558195953599563,49,45,167.0,134.0,236,195,13,9,1.78,2.28,0.38392,1.14289,5.7864,7.4589
InPd,-0.15980118997512635,49,46,167.0,137.0,236,202,13,10,1.78,2.2,0.38392,0.56214,5.7864,8.3369
InAg,-1.8897805207113318,49,47,167.0,144.0,236,203,13,11,1.78,1.93,0.38392,1.30447,5.7864,7.5762
InCd,-2.0153263268502353,49,48,167.0,148.9,236,230,13,12,1.78,1.69,0.38392,-0.7,5.7864,8.9938
InIn,-4.245871745938901,49,49,167.0,167.0,236,236,13,13,1.78,1.78,0.38392,0.38392,5.7864,5.7864
InSn,-4.133504633762291,49,50,167.0,151.0,236,233,13,14,1.78,1.96,0.38392,1.11207,5.7864,7.3439
InW,-1.7157581977832805,49,74,167.0,139.0,236,210,13,6,1.78,1.7,0.38392,0.8165,5.7864,7.864
InRe,-1.1171080151841293,49,75,167.0,137.0,236,217,13,7,1.78,1.9,0.38392,0.060396,5.7864,7.8335
InOs,-0.4421258899924857,49,76,167.0,135.0,236,216,13,8,1.78,2.2,0.38392,1.077661,5.7864,8.4382
InIr,-0.3927789167976996,49,77,167.0,135.5,236,202,13,9,1.78,2.2,0.38392,1.564057,5.7864,8.967
InPt,-0.5653124899643411,49,78,167.0,138.5,236,209,13,10,1.78,2.2,0.38392,2.1251,5.7864,8.9588
InAu,-1.151932422721251,49,79,167.0,144.0,236,217,13,11,1.78,2.4,0.38392,2.30861,5.7864,9.2255
InBi,-4.1541877751002225,49,83,167.0,154.7,236,243,13,15,1.78,1.9,0.38392,0.942362,5.7864,7.2855
SnTi,-4.122741380132692,50,22,151.0,147.0,233,187,14,4,1.96,1.54,1.11207,0.07554,7.3439,6.8281
SnV,-2.4111577418733523,50,23,151.0,134.0,233,179,14,5,1.96,1.63,1.11207,0.52766,7.3439,6.7462
SnCr,-1.7598498243356593,50,24,151.0,128.0,233,189,14,6,1.96,1.66,1.11207,0.675928,7.3439,6.7665
SnMn,-1.646170911156252,50,25,151.0,127.0,233,197,14,7,1.96,1.55,1.11207,-0.5,7.3439,7.434
SnFe,-0.989872971941179,50,26,151.0,126.0,233,194,14,8,1.96,1.83,1.11207,0.153236,7.3439,7.9024
SnCo,-0.909765975019714,50,27,151.0,125.0,233,192,14,9,1.96,1.88,1.11207,0.662255,7.3439,7.881
SnNi,-2.3048128120140126,50,28,151.0,124.0,233,184,14,10,1.96,1.91,1.11207,1.157368,7.3439,7.6399
SnCu,-2.2187823226290506,50,29,151.0,128.0,233,186,14,11,1.96,1.9,1.11207,1.23578,7.3439,7.7264
SnZn,-1.3002523490857192,50,30,151.0,134.0,233,210,14,12,1.96,1.65,1.11207,-0.6,7.3439,9.3942
SnZr,-5.9561315445606535,50,40,151.0,160.0,233,186,14,4,1.96,1.33,1.11207,0.433283,7.3439,6.6339
SnNb,-3.2221361404153868,50,41,151.0,146.0,233,207,14,5,1.96,1.6,1.11207,0.9174,7.3439,6.7589
SnMo,-2.307531882535466,50,42,151.0,139.0,233,209,14,6,1.96,2.16,1.11207,0.74723,7.3439,7.0924
SnTc,-1.6859188166048586,50,43,151.0,136.0,233,209,14,7,1.96,2.1,1.11207,0.636,7.3439,7.28
SnRu,-1.3663459612315025,50,44,151.0,134.0,233,207,14,8,1.96,2.2,1.11207,1.04627,7.3439,7.3605
SnRh,-1.4555312741764832,50,45,151.0,134.0,233,195,14,9,1.96,2.28,1.11207,1.14289,7.3439,7.4589
SnPd,-0.6165625171360172,50,46,151.0,137.0,233,202,14,10,1.96,2.2,1.11207,0.56214,7.3439,8.3369
SnAg,-2.4750725302575325,50,47,151.0,144.0,233,203,14,11,1.96,1.93,1.11207,1.30447,7.3439,7.5762
SnCd,-2.9689346051446326,50,48,151.0,148.9,233,230,14,12,1.96,1.69,1.11207,-0.7,7.3439,8.9938
SnIn,-5.088501840423963,50,49,151.0,167.0,233,236,14,13,1.96,1.78,1.11207,0.38392,7.3439,5.7864
SnSn,-4.876420733345993,50,50,151.0,151.0,233,233,14,14,1.96,1.96,1.11207,1.11207,7.3439,7.3439
SnW,-2.2127480769665726,50,74,151.0,139.0,233,210,14,6,1.96,1.7,1.11207,0.8165,7.3439,7.864
SnRe,-1.6736093916682084,50,75,151.0,137.0,233,217,14,7,1.96,1.9,1.11207,0.060396,7.3439,7.8335
SnOs,-0.6555829791452942,50,76,151.0,135.0,233,216,14,8,1.96,2.2,1.11207,1.077661,7.3439,8.4382
SnIr,-0.693361930366939,50,77,151.0,135.5,233,202,14,9,1.96,2.2,1.11207,1.564057,7.3439,8.967
SnPt,-1.0102062420059459,50,78,151.0,138.5,233,209,14,10,1.96,2.2,1.11207,2.1251,7.3439,8.9588
SnAu,-1.776589593596449,50,79,151.0,144.0,233,217,14,11,1.96,2.4,1.11207,2.30861,7.3439,9.2255
SnBi,-4.884822434491348,50,83,151.0,154.7,233,243,14,15,1.96,1.9,1.11207,0.942362,7.3439,7.2855
WTi,-3.1691266692722997,74,22,139.0,147.0,210,187,6,4,1.7,1.54,0.8165,0.07554,7.864,6.8281
WV,-2.058058653301275,74,23,139.0,134.0,210,179,6,5,1.7,1.63,0.8165,0.52766,7.864,6.7462
WCr,-2.0139577038523337,74,24,139.0,128.0,210,189,6,6,1.7,1.66,0.8165,0.675928,7.864,6.7665
WMn,-2.051861567632114,74,25,139.0,127.0,210,197,6,7,1.7,1.55,0.8165,-0.5,7.864,7.434
WFe,-1.7546696692039074,74,26,139.0,126.0,210,194,6,8,1.7,1.83,0.8165,0.153236,7.864,7.9024
WCo,-1.8213045644116819,74,27,139.0,125.0,210,192,6,9,1.7,1.88,0.8165,0.662255,7.864,7.881
WNi,-2.440784946243957,74,28,139.0,124.0,210,184,6,10,1.7,1.91,0.8165,1.157368,7.864,7.6399
WCu,-2.3080232143611425,74,29,139.0,128.0,210,186,6,11,1.7,1.9,0.8165,1.23578,7.864,7.7264
WZn,-2.201049174961252,74,30,139.0,134.0,210,210,6,12,1.7,1.65,0.8165,-0.6,7.864,9.3942
WZr,-3.5112728945743497,74,40,139.0,160.0,210,186,6,4,1.7,1.33,0.8165,0.433283,7.864,6.6339
WNb,-3.0447278795934745,74,41,139.0,146.0,210,207,6,5,1.7,1.6,0.8165,0.9174,7.864,6.7589
WMo,-2.3757687146447926,74,42,139.0,139.0,210,209,6,6,1.7,2.16,0.8165,0.74723,7.864,7.0924
WTc,-2.305042158778909,74,43,139.0,136.0,210,209,6,7,1.7,2.1,0.8165,0.636,7.864,7.28
WRu,-1.8137544087279678,74,44,139.0,134.0,210,207,6,8,1.7,2.2,0.8165,1.04627,7.864,7.3605
WRh,-1.8133752305727908,74,45,139.0,134.0,210,195,6,9,1.7,2.28,0.8165,1.14289,7.864,7.4589
WPd,-1.7696694006229974,74,46,139.0,137.0,210,202,6,10,1.7,2.2,0.8165,0.56214,7.864,8.3369
WAg,-2.3845364242579934,74,47,139.0,144.0,210,203,6,11,1.7,1.93,0.8165,1.30447,7.864,7.5762
WCd,-3.0406369455123503,74,48,139.0,148.9,210,230,6,12,1.7,1.69,0.8165,-0.7,7.864,8.9938
WIn,-3.536418292399248,74,49,139.0,167.0,210,236,6,13,1.7,1.78,0.8165,0.38392,7.864,5.7864
WSn,-3.5963437813617385,74,50,139.0,151.0,210,233,6,14,1.7,1.96,0.8165,1.11207,7.864,7.3439
WW,-2.40837105613121,74,74,139.0,139.0,210,210,6,6,1.7,1.7,0.8165,0.8165,7.864,7.864
WRe,-2.164733019777866,74,75,139.0,137.0,210,217,6,7,1.7,1.9,0.8165,0.060396,7.864,7.8335
WOs,-1.6501289752700514,74,76,139.0,135.0,210,216,6,8,1.7,2.2,0.8165,1.077661,7.864,8.4382
WIr,-1.680486026406847,74,77,139.0,135.5,210,202,6,9,1.7,2.2,0.8165,1.564057,7.864,8.967
WPt,-1.7430851019679638,74,78,139.0,138.5,210,209,6,10,1.7,2.2,0.8165,2.1251,7.864,8.9588
WAu,-2.221114820727495,74,79,139.0,144.0,210,217,6,11,1.7,2.4,0.8165,2.30861,7.864,9.2255
WBi,-3.6095895863616594,74,83,139.0,154.7,210,243,6,15,1.7,1.9,0.8165,0.942362,7.864,7.2855
ReTi,-1.9497192461170312,75,22,137.0,147.0,217,187,7,4,1.9,1.54,0.060396,0.07554,7.8335,6.8281
ReV,-0.8976330719265403,75,23,137.0,134.0,217,179,7,5,1.9,1.63,0.060396,0.52766,7.8335,6.7462
ReCr,-0.8535321224776041,75,24,137.0,128.0,217,189,7,6,1.9,1.66,0.060396,0.675928,7.8335,6.7665
ReMn,-0.8803833711561405,75,25,137.0,127.0,217,197,7,7,1.9,1.55,0.060396,-0.5,7.8335,7.434
ReFe,-0.4878293158083004,75,26,137.0,126.0,217,194,7,8,1.9,1.83,0.060396,0.153236,7.8335,7.9024
ReCo,-0.545651700755652,75,27,137.0,125.0,217,192,7,9,1.9,1.88,0.060396,0.662255,7.8335,7.881
ReNi,-1.0836368422695875,75,28,137.0,124.0,217,184,7,10,1.9,1.91,0.060396,1.157368,7.8335,7.6399
ReCu,-0.958461985188878,75,29,137.0,128.0,217,186,7,11,1.9,1.9,0.060396,1.23578,7.8335,7.7264
ReZn,-0.70313492681577,75,30,137.0,134.0,217,210,7,12,1.9,1.65,0.060396,-0.6,7.8335,9.3942
ReZr,-2.213415033820975,75,40,137.0,160.0,217,186,7,4,1.9,1.33,0.060396,0.433283,7.8335,6.6339
ReNb,-1.7640590527956372,75,41,137.0,146.0,217,207,7,5,1.9,1.6,0.060396,0.9174,7.8335,6.7589
ReMo,-1.1424539675876406,75,42,137.0,139.0,217,209,7,6,1.9,2.16,0.060396,0.74723,7.8335,7.0924
ReTc,-1.0500061102756413,75,43,137.0,136.0,217,209,7,7,1.9,2.1,0.060396,0.636,7.8335,7.28
ReRu,-0.7399899135572984,75,44,137.0,134.0,217,207,7,8,1.9,2.2,0.060396,1.04627,7.8335,7.3605
ReRh,-0.7343271236641107,75,45,137.0,134.0,217,195,7,9,1.9,2.28,0.060396,1.14289,7.8335,7.4589
RePd,-0.5069409344382192,75,46,137.0,137.0,217,202,7,10,1.9,2.2,0.060396,0.56214,7.8335,8.3369
ReAg,-1.0015640663362064,75,47,137.0,144.0,217,203,7,11,1.9,1.93,0.060396,1.30447,7.8335,7.5762
ReCd,-1.4466842910561992,75,48,137.0,148.9,217,230,7,12,1.9,1.69,0.060396,-0.7,7.8335,8.9938
ReIn,-2.1272964228074502,75,49,137.0,167.0,217,236,7,13,1.9,1.78,0.060396,0.38392,7.8335,5.7864
ReSn,-2.18722191176994,75,50,137.0,151.0,217,233,7,14,1.9,1.96,0.060396,1.11207,7.8335,7.3439
ReW,-1.1408861719032297,75,74,137.0,139.0,217,210,7,6,1.9,1.7,0.060396,0.8165,7.8335,7.864
ReRe,-0.8972481355498934,75,75,137.0,137.0,217,217,7,7,1.9,1.9,0.060396,0.060396,7.8335,7.8335
ReOs,-0.49469698225565195,75,76,137.0,135.0,217,216,7,8,1.9,2.2,0.060396,1.077661,7.8335,8.4382
ReIr,-0.49807696411892577,75,77,137.0,135.5,217,202,7,9,1.9,2.2,0.060396,1.564057,7.8335,8.967
RePt,-0.4624221961857951,75,78,137.0,138.5,217,209,7,10,1.9,2.2,0.060396,2.1251,7.8335,8.9588
ReAu,-0.9075312201902196,75,79,137.0,144.0,217,217,7,11,1.9,2.4,0.060396,2.30861,7.8335,9.2255
ReBi,-2.200467716769861,75,83,137.0,154.7,217,243,7,15,1.9,1.9,0.060396,0.942362,7.8335,7.2855
OsTi,0.38738499834459333,76,22,135.0,147.0,216,187,8,4,2.2,1.54,1.077661,0.07554,8.4382,6.8281
OsV,1.1758862636762262,76,23,135.0,134.0,216,179,8,5,2.2,1.63,1.077661,0.52766,8.4382,6.7462
OsCr,1.2868213015472563,76,24,135.0,128.0,216,189,8,6,2.2,1.66,1.077661,0.675928,8.4382,6.7665
OsMn,1.492179098373499,76,25,135.0,127.0,216,197,8,7,2.2,1.55,1.077661,-0.5,8.4382,7.434
OsFe,1.5562720406441115,76,26,135.0,126.0,216,194,8,8,2.2,1.83,1.077661,0.153236,8.4382,7.9024
OsCo,1.5058695700207565,76,27,135.0,125.0,216,192,8,9,2.2,1.88,1.077661,0.662255,8.4382,7.881
OsNi,0.903403582645754,76,28,135.0,124.0,216,184,8,10,2.2,1.91,1.077661,1.157368,8.4382,7.6399
OsCu,0.8291162507259422,76,29,135.0,128.0,216,186,8,11,2.2,1.9,1.077661,1.23578,8.4382,7.7264
OsZn,0.36151486071798267,76,30,135.0,134.0,216,210,8,12,2.2,1.65,1.077661,-0.6,8.4382,9.3942
OsZr,0.13827046306962973,76,40,135.0,160.0,216,186,8,4,2.2,1.33,1.077661,0.433283,8.4382,6.6339
OsNb,0.413365935342654,76,41,135.0,146.0,216,207,8,5,2.2,1.6,1.077661,0.9174,8.4382,6.7589
OsMo,0.8293745662835958,76,42,135.0,139.0,216,209,8,6,2.2,2.16,1.077661,0.74723,8.4382,7.0924
OsTc,0.9450625433588914,76,43,135.0,136.0,216,209,8,7,2.2,2.1,1.077661,0.636,8.4382,7.28
OsRu,1.3113224368087946,76,44,135.0,134.0,216,207,8,8,2.2,2.2,1.077661,1.04627,8.4382,7.3605
OsRh,1.276464122171182,76,45,135.0,134.0,216,195,8,9,2.2,2.28,1.077661,1.14289,8.4382,7.4589
OsPd,0.9313392868223738,76,46,135.0,137.0,216,202,8,10,2.2,2.2,1.077661,0.56214,8.4382,8.3369
OsAg,0.6645676755876827,76,47,135.0,144.0,216,203,8,11,2.2,1.93,1.077661,1.30447,8.4382,7.5762
OsCd,-0.06740232026945099,76,48,135.0,148.9,216,230,8,12,2.2,1.69,1.077661,-0.7,8.4382,8.9938
OsIn,-0.2518403442056256,76,49,135.0,167.0,216,236,8,13,2.2,1.78,1.077661,0.38392,8.4382,5.7864
OsSn,-0.26041499295593423,76,50,135.0,151.0,216,233,8,14,2.2,1.96,1.077661,1.11207,8.4382,7.3439
OsW,0.8377094080880818,76,74,135.0,139.0,216,210,8,6,2.2,1.7,1.077661,0.8165,8.4382,7.864
OsRe,1.0454281038206494,76,75,135.0,137.0,216,217,8,7,2.2,1.9,1.077661,0.060396,8.4382,7.8335
OsOs,1.3621256597084512,76,76,135.0,135.0,216,216,8,8,2.2,2.2,1.077661,1.077661,8.4382,8.4382
OsIr,1.24726598555691,76,77,135.0,135.5,216,202,8,9,2.2,2.2,1.077661,1.564057,8.4382,8.967
OsPt,0.9788079288978777,76,78,135.0,138.5,216,209,8,10,2.2,2.2,1.077661,2.1251,8.4382,8.9588
OsAu,0.36523621925704053,76,79,135.0,144.0,216,217,8,11,2.2,2.4,1.077661,2.30861,8.4382,9.2255
OsBi,-0.30489668447176194,76,83,135.0,154.7,216,243,8,15,2.2,1.9,1.077661,0.942362,8.4382,7.2855
IrTi,2.198201181205722,77,22,135.5,147.0,202,187,9,4,2.2,1.54,1.564057,0.07554,8.967,6.8281
IrV,2.9673850849408527,77,23,135.5,134.0,202,179,9,5,2.2,1.63,1.564057,0.52766,8.967,6.7462
IrCr,3.008151143572969,77,24,135.5,128.0,202,189,9,6,2.2,1.66,1.564057,0.675928,8.967,6.7665
IrMn,3.0848043574571142,77,25,135.5,127.0,202,197,9,7,2.2,1.55,1.564057,-0.5,8.967,7.434
IrFe,3.234959321887246,77,26,135.5,126.0,202,194,9,8,2.2,1.83,1.564057,0.153236,8.967,7.9024
IrCo,3.2000543195081863,77,27,135.5,125.0,202,192,9,9,2.2,1.88,1.564057,0.662255,8.967,7.881
IrNi,2.7727530146257857,77,28,135.5,124.0,202,184,9,10,2.2,1.91,1.564057,1.157368,8.967,7.6399
IrCu,2.6742085225616936,77,29,135.5,128.0,202,186,9,11,2.2,1.9,1.564057,1.23578,8.967,7.7264
IrZn,1.7998502518874255,77,30,135.5,134.0,202,210,9,12,2.2,1.65,1.564057,-0.6,8.967,9.3942
IrZr,2.0149244815094214,77,40,135.5,160.0,202,186,9,4,2.2,1.33,1.564057,0.433283,8.967,6.6339
IrNb,2.2371725373917513,77,41,135.5,146.0,202,207,9,5,2.2,1.6,1.564057,0.9174,8.967,6.7589
IrMo,2.3054880538129243,77,42,135.5,139.0,202,209,9,6,2.2,2.16,1.564057,0.74723,8.967,7.0924
IrTc,2.4537252858041767,77,43,135.5,136.0,202,209,9,7,2.2,2.1,1.564057,0.636,8.967,7.28
IrRu,2.9878158172136797,77,44,135.5,134.0,202,207,9,8,2.2,2.2,1.564057,1.04627,8.967,7.3605
IrRh,2.978849376313768,77,45,135.5,134.0,202,195,9,9,2.2,2.28,1.564057,1.14289,8.967,7.4589
IrPd,2.457337313215345,77,46,135.5,137.0,202,202,9,10,2.2,2.2,1.564057,0.56214,8.967,8.3369
IrAg,2.0838932871419744,77,47,135.5,144.0,202,203,9,11,2.2,1.93,1.564057,1.30447,8.967,7.5762
IrCd,1.4402692140078723,77,48,135.5,148.9,202,230,9,12,2.2,1.69,1.564057,-0.7,8.967,8.9938
IrIn,1.2463603767748896,77,49,135.5,167.0,202,236,9,13,2.2,1.78,1.564057,0.38392,8.967,5.7864
IrSn,1.2532831962688789,77,50,135.5,151.0,202,233,9,14,2.2,1.96,1.564057,1.11207,8.967,7.3439
IrW,2.2428058197043486,77,74,135.5,139.0,202,210,9,6,2.2,1.7,1.564057,0.8165,8.967,7.864
IrRe,2.329726528232663,77,75,135.5,137.0,202,217,9,7,2.2,1.9,1.564057,0.060396,8.967,7.8335
IrOs,2.8379526949795184,77,76,135.5,135.0,202,216,9,8,2.2,2.2,1.564057,1.077661,8.967,8.4382
IrIr,2.931916728632276,77,77,135.5,135.5,202,202,9,9,2.2,2.2,1.564057,1.564057,8.967,8.967
IrPt,2.453749916947728,77,78,135.5,138.5,202,209,9,10,2.2,2.2,1.564057,2.1251,8.967,8.9588
IrAu,1.5805854949060099,77,79,135.5,144.0,202,217,9,11,2.2,2.4,1.564057,2.30861,8.967,9.2255
IrBi,1.208801504753051,77,83,135.5,154.7,202,243,9,15,2.2,1.9,1.564057,0.942362,8.967,7.2855
PtTi,3.1325840227285604,78,22,138.5,147.0,209,187,10,4,2.2,1.54,2.1251,0.07554,8.9588,6.8281
PtV,3.9777890835120293,78,23,138.5,134.0,209,179,10,5,2.2,1.63,2.1251,0.52766,8.9588,6.7462
PtCr,4.02394642492071,78,24,138.5,128.0,209,189,10,6,2.2,1.66,2.1251,0.675928,8.9588,6.7665
PtMn,3.9023105451341413,78,25,138.5,127.0,209,197,10,7,2.2,1.55,2.1251,-0.5,8.9588,7.434
PtFe,4.124074569914987,78,26,138.5,126.0,209,194,10,8,2.2,1.83,2.1251,0.153236,8.9588,7.9024
PtCo,4.140343478358555,78,27,138.5,125.0,209,192,10,9,2.2,1.88,2.1251,0.662255,8.9588,7.881
PtNi,3.6857449346772615,78,28,138.5,124.0,209,184,10,10,2.2,1.91,2.1251,1.157368,8.9588,7.6399
PtCu,3.7388648757646132,78,29,138.5,128.0,209,186,10,11,2.2,1.9,2.1251,1.23578,8.9588,7.7264
PtZn,3.310531293435041,78,30,138.5,134.0,209,210,10,12,2.2,1.65,2.1251,-0.6,8.9588,9.3942
PtZr,2.917339167476066,78,40,138.5,160.0,209,186,10,4,2.2,1.33,2.1251,0.433283,8.9588,6.6339
PtNb,3.364152170796063,78,41,138.5,146.0,209,207,10,5,2.2,1.6,2.1251,0.9174,8.9588,6.7589
PtMo,3.540581854889352,78,42,138.5,139.0,209,209,10,6,2.2,2.16,2.1251,0.74723,8.9588,7.0924
PtTc,3.6137833013383833,78,43,138.5,136.0,209,209,10,7,2.2,2.1,2.1251,0.636,8.9588,7.28
PtRu,4.0809518667561395,78,44,138.5,134.0,209,207,10,8,2.2,2.2,2.1251,1.04627,8.9588,7.3605
PtRh,4.014228040901628,78,45,138.5,134.0,209,195,10,9,2.2,2.28,2.1251,1.14289,8.9588,7.4589
PtPd,3.838493744585484,78,46,138.5,137.0,209,202,10,10,2.2,2.2,2.1251,0.56214,8.9588,8.3369
PtAg,3.3843613240843897,78,47,138.5,144.0,209,203,10,11,2.2,1.93,2.1251,1.30447,8.9588,7.5762
PtCd,2.8705390754400737,78,48,138.5,148.9,209,230,10,12,2.2,1.69,2.1251,-0.7,8.9588,8.9938
PtIn,2.566063595551335,78,49,138.5,167.0,209,236,10,13,2.2,1.78,2.1251,0.38392,8.9588,5.7864
PtSn,2.628222407487613,78,50,138.5,151.0,209,233,10,14,2.2,1.96,2.1251,1.11207,8.9588,7.3439
PtW,3.5695173710489394,78,74,138.5,139.0,209,210,10,6,2.2,1.7,2.1251,0.8165,8.9588,7.864
PtRe,3.7221685969628173,78,75,138.5,137.0,209,217,10,7,2.2,1.9,2.1251,0.060396,8.9588,7.8335
PtOs,4.318584798342366,78,76,138.5,135.0,209,216,10,8,2.2,2.2,2.1251,1.077661,8.9588,8.4382
PtIr,4.1298147284254485,78,77,138.5,135.5,209,202,10,9,2.2,2.2,2.1251,1.564057,8.9588,8.967
PtPt,3.9297108962987664,78,78,138.5,138.5,209,209,10,10,2.2,2.2,2.1251,2.1251,8.9588,8.9588
PtAu,3.6334981301535256,78,79,138.5,144.0,209,217,10,11,2.2,2.4,2.1251,2.30861,8.9588,9.2255
PtBi,2.631131794895484,78,83,138.5,154.7,209,243,10,15,2.2,1.9,2.1251,0.942362,8.9588,7.2855
AuTi,4.010622811575951,79,22,144.0,147.0,217,187,11,4,2.4,1.54,2.30861,0.07554,9.2255,6.8281
AuV,4.451883322451085,79,23,144.0,134.0,217,179,11,5,2.4,1.63,2.30861,0.52766,9.2255,6.7462
AuCr,4.567527598956972,79,24,144.0,128.0,217,189,11,6,2.4,1.66,2.30861,0.675928,9.2255,6.7665
AuMn,4.462875798065934,79,25,144.0,127.0,217,197,11,7,2.4,1.55,2.30861,-0.5,9.2255,7.434
AuFe,4.75063371817808,79,26,144.0,126.0,217,194,11,8,2.4,1.83,2.30861,0.153236,9.2255,7.9024
AuCo,4.769836163874884,79,27,144.0,125.0,217,192,11,9,2.4,1.88,2.30861,0.662255,9.2255,7.881
AuNi,4.211818364742501,79,28,144.0,124.0,217,184,11,10,2.4,1.91,2.30861,1.157368,9.2255,7.6399
AuCu,4.290924150807188,79,29,144.0,128.0,217,186,11,11,2.4,1.9,2.30861,1.23578,9.2255,7.7264
AuZn,3.9526527458470833,79,30,144.0,134.0,217,210,11,12,2.4,1.65,2.30861,-0.6,9.2255,9.3942
AuZr,3.3972046667876414,79,40,144.0,160.0,217,186,11,4,2.4,1.33,2.30861,0.433283,9.2255,6.6339
AuNb,4.2642206511539715,79,41,144.0,146.0,217,207,11,5,2.4,1.6,2.30861,0.9174,9.2255,6.7589
AuMo,4.330925446593269,79,42,144.0,139.0,217,209,11,6,2.4,2.16,2.30861,0.74723,9.2255,7.0924
AuTc,4.2092551621135295,79,43,144.0,136.0,217,209,11,7,2.4,2.1,2.30861,0.636,9.2255,7.28
AuRu,4.498656607749645,79,44,144.0,134.0,217,207,11,8,2.4,2.2,2.30861,1.04627,9.2255,7.3605
AuRh,4.467033127124531,79,45,144.0,134.0,217,195,11,9,2.4,2.28,2.30861,1.14289,9.2255,7.4589
AuPd,4.554849244860406,79,46,144.0,137.0,217,202,11,10,2.4,2.2,2.30861,0.56214,9.2255,8.3369
AuAg,4.355299245590346,79,47,144.0,144.0,217,203,11,11,2.4,1.93,2.30861,1.30447,9.2255,7.5762
AuCd,3.5696107317231816,79,48,144.0,148.9,217,230,11,12,2.4,1.69,2.30861,-0.7,9.2255,8.9938
AuIn,2.8914963073321354,79,49,144.0,167.0,217,236,11,13,2.4,1.78,2.30861,0.38392,9.2255,5.7864
AuSn,2.9677579051982756,79,50,144.0,151.0,217,233,11,14,2.4,1.96,2.30861,1.11207,9.2255,7.3439
AuW,4.397976404990559,79,74,144.0,139.0,217,210,11,6,2.4,1.7,2.30861,0.8165,9.2255,7.864
AuRe,4.087111206431992,79,75,144.0,137.0,217,217,11,7,2.4,1.9,2.30861,0.060396,9.2255,7.8335
AuOs,4.476832392276864,79,76,144.0,135.0,217,216,11,8,2.4,2.2,2.30861,1.077661,9.2255,8.4382
AuIr,4.506027626766681,79,77,144.0,135.5,217,202,11,9,2.4,2.2,2.30861,1.564057,9.2255,8.967
AuPt,4.474828701133411,79,78,144.0,138.5,217,209,11,10,2.4,2.2,2.30861,2.1251,9.2255,8.9588
AuAu,4.165067393174436,79,79,144.0,144.0,217,217,11,11,2.4,2.4,2.30861,2.30861,9.2255,9.2255
AuBi,2.8776041176500597,79,83,144.0,154.7,217,243,11,15,2.4,1.9,2.30861,0.942362,9.2255,7.2855
BiTi,-3.5926493822616967,83,22,154.7,147.0,243,187,15,4,1.9,1.54,0.942362,0.07554,7.2855,6.8281
BiV,-2.1419821324331525,83,23,154.7,134.0,243,179,15,5,1.9,1.63,0.942362,0.52766,7.2855,6.7462
BiCr,-1.515375769317576,83,24,154.7,128.0,243,189,15,6,1.9,1.66,0.942362,0.675928,7.2855,6.7665
BiMn,-1.3798645834772598,83,25,154.7,127.0,243,197,15,7,1.9,1.55,0.942362,-0.5,7.2855,7.434
BiFe,-0.7657148852867444,83,26,154.7,126.0,243,194,15,8,1.9,1.83,0.942362,0.153236,7.2855,7.9024
BiCo,-0.7399329824585218,83,27,154.7,125.0,243,192,15,9,1.9,1.88,0.942362,0.662255,7.2855,7.881
BiNi,-2.1543691109220218,83,28,154.7,124.0,243,184,15,10,1.9,1.91,0.942362,1.157368,7.2855,7.6399
BiCu,-2.055660202656239,83,29,154.7,128.0,243,186,15,11,1.9,1.9,0.942362,1.23578,7.2855,7.7264
BiZn,-0.6244536236889665,83,30,154.7,134.0,243,210,15,12,1.9,1.65,0.942362,-0.6,7.2855,9.3942
BiZr,-5.3958573266509795,83,40,154.7,160.0,243,186,15,4,1.9,1.33,0.942362,0.433283,7.2855,6.6339
BiNb,-2.7728641005942225,83,41,154.7,146.0,243,207,15,5,1.9,1.6,0.942362,0.9174,7.2855,6.7589
BiMo,-1.8309562807597493,83,42,154.7,139.0,243,209,15,6,1.9,2.16,0.942362,0.74723,7.2855,7.0924
BiTc,-1.379933199555386,83,43,154.7,136.0,243,209,15,7,1.9,2.1,0.942362,0.636,7.2855,7.28
BiRu,-1.1861943593720123,83,44,154.7,134.0,243,207,15,8,1.9,2.2,0.942362,1.04627,7.2855,7.3605
BiRh,-1.2902205455868139,83,45,154.7,134.0,243,195,15,9,1.9,2.28,0.942362,1.14289,7.2855,7.4589
BiPd,-0.3362213767518706,83,46,154.7,137.0,243,202,15,10,1.9,2.2,0.942362,0.56214,7.2855,8.3369
BiAg,-2.0457937304365212,83,47,154.7,144.0,243,203,15,11,1.9,1.93,0.942362,1.30447,7.2855,7.5762
BiCd,-2.206669050331835,83,48,154.7,148.9,243,230,15,12,1.9,1.69,0.942362,-0.7,7.2855,8.9938
BiIn,-4.401074725357806,83,49,154.7,167.0,243,236,15,13,1.9,1.78,0.942362,0.38392,7.2855,5.7864
BiSn,-4.266446997311683,83,50,154.7,151.0,243,233,15,14,1.9,1.96,0.942362,1.11207,7.2855,7.3439
BiW,-1.754761960432126,83,74,154.7,139.0,243,210,15,6,1.9,1.7,0.942362,0.8165,7.2855,7.864
BiRe,-1.3138813158948173,83,75,154.7,137.0,243,217,15,7,1.9,1.9,0.942362,0.060396,7.2855,7.8335
BiOs,-0.47330268484381405,83,76,154.7,135.0,243,216,15,8,1.9,2.2,0.942362,1.077661,7.2855,8.4382
BiIr,-0.4800675969072543,83,77,154.7,135.5,243,202,15,9,1.9,2.2,0.942362,1.564057,7.2855,8.967
BiPt,-0.7449884456518397,83,78,154.7,138.5,243,209,15,10,1.9,2.2,0.942362,2.1251,7.2855,8.9588
BiAu,-1.2448704997130553,83,79,154.7,144.0,243,217,15,11,1.9,2.4,0.942362,2.30861,7.2855,9.2255
BiBi,-4.276782226787701,83,83,154.7,154.7,243,243,15,15,1.9,1.9,0.942362,0.942362,7.2855,7.2855
