dacs,△Gooh,△Go,△Goh,Z_A,Z_B,r_A,r_B,R_A,R_B,N_A,N_B,EP_A,EP_B,EA_A,EA_B,IE_A,IE_B
TiTi,-4.352549006,-4.045310073,-3.157014605,22,22,147,147,187,187,4,4,1.54,1.54,0.07554,0.07554,6.8281,6.8281
TiV,-1.311320719,-1.816933255,-2.364441989,22,23,147,134,187,179,4,5,1.54,1.63,0.07554,0.52766,6.8281,6.7462
TiCr,1.100910428,-1.449305621,-2.119358595,22,24,147,128,187,189,4,6,1.54,1.66,0.07554,0.675928,6.8281,6.7665
TiMn,1.112470277,-1.55793929,-2.054810508,22,25,147,127,187,197,4,7,1.54,1.55,0.07554,-0.5,6.8281,7.434
TiFe,1.243758318,-1.049113834,-1.831259702,22,26,147,126,187,194,4,8,1.54,1.83,0.07554,0.153236,6.8281,7.9024
TiCo,1.232198468,-1.118816016,-1.894472652,22,27,147,125,187,192,4,9,1.54,1.88,0.07554,0.662255,6.8281,7.881
TiNi,0.770269378,-1.882047848,-2.131195628,22,28,147,124,187,184,4,10,1.54,1.91,0.07554,1.157368,6.8281,7.6399
TiCu,0.732022407,-1.747861792,-1.989713976,22,29,147,128,187,186,4,11,1.54,1.9,0.07554,1.23578,6.8281,7.7264
TiZn,1.020212223,-1.153976471,-2.018740306,22,30,147,134,187,210,4,12,1.54,1.65,0.07554,-0.6,6.8281,9.3942
TiZr,-5.069349331,-4.726511168,-4.32977771,22,40,147,160,187,186,4,4,1.54,1.33,0.07554,0.433283,6.8281,6.6339
TiNb,-4.717695345,-3.611794309,-3.325390571,22,41,147,146,187,207,4,5,1.54,1.6,0.07554,0.9174,6.8281,6.7589
TiMo,1.321655,-2.202170644,-2.529049183,22,42,147,139,187,209,4,6,1.54,2.16,0.07554,0.74723,6.8281,7.0924
TiTc,0.997278088,-1.810635092,-2.40132928,22,43,147,136,187,209,4,7,1.54,2.1,0.07554,0.636,6.8281,7.28
TiRu,1.551471047,-1.033167814,-2.020944341,22,44,147,134,187,207,4,8,1.54,2.2,0.07554,1.04627,6.8281,7.3605
TiRh,1.502652674,-0.992568554,-2.092052802,22,45,147,134,187,195,4,9,1.54,2.28,0.07554,1.14289,6.8281,7.4589
TiPd,1.116084464,-0.888302789,-2.12451738,22,46,147,137,187,202,4,10,1.54,2.2,0.07554,0.56214,6.8281,8.3369
TiAg,0.855237498,-2.476484866,-2.311812092,22,47,147,144,187,203,4,11,1.54,1.93,0.07554,1.30447,6.8281,7.5762
TiCd,-3.673814749,-2.914520461,-3.112401699,22,48,147,148.9,187,230,4,12,1.54,1.69,0.07554,-0.7,6.8281,8.9938
TiIn,-4.927665736,-4.17668829,-5.121675101,22,49,147,167,187,236,4,13,1.54,1.78,0.07554,0.38392,6.8281,5.7864
TiSn,-4.681384432,-4.249282894,-5.76525434,22,50,147,151,187,233,4,14,1.54,1.96,0.07554,1.11207,6.8281,7.3439
TiW,1.07178458,-2.241245113,-2.637928023,22,74,147,139,187,210,4,6,1.54,1.7,0.07554,0.8165,6.8281,7.864
TiRe,1.083344429,-1.602107215,-2.391761019,22,75,147,137,187,217,4,7,1.54,1.9,0.07554,0.060396,6.8281,7.8335
TiOs,1.625977539,-0.743722354,-2.083512418,22,76,147,135,187,216,4,8,1.54,2.2,0.07554,1.077661,6.8281,8.4382
TiIr,1.603376886,-0.725386553,-2.001989533,22,77,147,135.5,187,202,4,9,1.54,2.2,0.07554,1.564057,6.8281,8.967
TiPt,1.267042231,-1.274917344,-2.11275345,22,78,147,138.5,187,209,4,10,1.54,2.2,0.07554,2.1251,6.8281,8.9588
TiAu,1.288243211,-2.018812387,-2.440967559,22,79,147,144,187,217,4,11,1.54,2.4,0.07554,2.30861,6.8281,9.2255
TiBi,-4.60687794,-4.262869072,-5.76525434,22,83,147,154.7,187,243,4,15,1.54,1.9,0.07554,0.942362,6.8281,7.2855
VTi,-2.278140383,-3.112238355,-2.08876765,23,22,134,147,179,187,5,4,1.63,1.54,0.52766,0.07554,6.7462,6.8281
VV,0.02841434,-1.51360301,-1.296195034,23,23,134,134,179,179,5,5,1.63,1.63,0.52766,0.52766,6.7462,6.7462
VCr,2.050955153,-1.253081883,-1.051111639,23,24,134,128,179,189,5,6,1.63,1.66,0.52766,0.675928,6.7462,6.7665
VMn,2.062515002,-1.148467903,-0.986563552,23,25,134,127,179,197,5,7,1.63,1.55,0.52766,-0.5,6.7462,7.434
VFe,2.296812621,-0.880145923,-0.763012746,23,26,134,126,179,194,5,8,1.63,1.83,0.52766,0.153236,6.7462,7.9024
VCo,2.327896232,-1.083004756,-0.826225697,23,27,134,125,179,192,5,9,1.63,1.88,0.52766,0.662255,6.7462,7.881
VNi,1.933333534,-1.707426824,-1.062948672,23,28,134,124,179,184,5,10,1.63,1.91,0.52766,1.157368,6.7462,7.6399
VCu,1.832220161,-1.732597374,-0.921467021,23,29,134,128,179,186,5,11,1.63,1.9,0.52766,1.23578,6.7462,7.7264
VZn,2.05819738,-1.172831528,-0.95049335,23,30,134,134,179,210,5,12,1.63,1.65,0.52766,-0.6,6.7462,9.3942
VZr,-3.099455091,-3.325308918,-3.261530754,23,40,134,160,179,186,5,4,1.63,1.33,0.52766,0.433283,6.7462,6.6339
VNb,-2.807545882,-2.949435927,-2.257143616,23,41,134,146,179,207,5,5,1.63,1.6,0.52766,0.9174,6.7462,6.7589
VMo,2.385689803,-1.943094395,-1.460802228,23,42,134,139,179,209,5,6,1.63,2.16,0.52766,0.74723,6.7462,7.0924
VTc,2.097666821,-1.384250368,-1.333082325,23,43,134,136,179,209,5,7,1.63,2.1,0.52766,0.636,6.7462,7.28
VRu,2.329428478,-0.999955481,-0.952697385,23,44,134,134,179,207,5,8,1.63,2.2,0.52766,1.04627,6.7462,7.3605
VRh,2.425609339,-0.975126138,-1.023805847,23,45,134,134,179,195,5,9,1.63,2.28,0.52766,1.14289,6.7462,7.4589
VPd,2.472771247,-0.98406013,-1.056270424,23,46,134,137,179,202,5,10,1.63,2.2,0.52766,0.56214,6.7462,8.3369
VAg,2.105779261,-2.152265987,-1.243565136,23,47,134,144,179,203,5,11,1.63,1.93,0.52766,1.30447,6.7462,7.5762
VCd,-2.251752891,-2.228137802,-2.044154743,23,48,134,148.9,179,230,5,12,1.63,1.69,0.52766,-0.7,6.7462,8.9938
VIn,-2.810112761,-2.875252875,-4.053428146,23,49,134,167,179,236,5,13,1.63,1.78,0.52766,0.38392,6.7462,5.7864
VSn,-2.509984718,-3.089373633,-4.697007384,23,50,134,151,179,233,5,14,1.63,1.96,0.52766,1.11207,6.7462,7.3439
VW,2.137809997,-1.828273201,-1.569681067,23,74,134,139,179,210,5,6,1.63,1.7,0.52766,0.8165,6.7462,7.864
VRe,2.10922667,-1.148560295,-1.323514064,23,75,134,137,179,217,5,7,1.63,1.9,0.52766,0.060396,6.7462,7.8335
VOs,2.369571654,-0.903524194,-1.015265463,23,76,134,135,179,216,5,8,1.63,2.2,0.52766,1.077661,6.7462,8.4382
VIr,2.491970235,-0.887466443,-0.933742578,23,77,134,135.5,179,202,5,9,1.63,2.2,0.52766,1.564057,6.7462,8.967
VPt,2.45447745,-1.41648169,-1.044506494,23,78,134,138.5,179,209,5,10,1.63,2.2,0.52766,2.1251,6.7462,8.9588
VAu,2.47567843,-2.109606729,-1.372720603,23,79,134,144,179,217,5,11,1.63,2.4,0.52766,2.30861,6.7462,9.2255
VBi,-2.509984718,-3.134818804,-4.697007384,23,83,134,154.7,179,243,5,15,1.63,1.9,0.52766,0.942362,6.7462,7.2855
CrTi,-3.809618299,-2.265997145,-1.195015078,24,22,128,147,189,187,6,4,1.66,1.54,0.675928,0.07554,6.7665,6.8281
CrV,0.248282368,-0.415897379,-0.402442462,24,23,128,134,189,179,6,5,1.66,1.63,0.675928,0.52766,6.7665,6.7462
CrCr,2.66300781,-0.110879294,-0.157359068,24,24,128,128,189,189,6,6,1.66,1.66,0.675928,0.675928,6.7665,6.7665
CrMn,2.690326038,-0.042910593,-0.092810981,24,25,128,127,189,197,6,7,1.66,1.55,0.675928,-0.5,6.7665,7.434
CrFe,2.868722102,0.16134538,0.130739825,24,26,128,126,189,194,6,8,1.66,1.83,0.675928,0.153236,6.7665,7.9024
CrCo,2.857162253,0.040469287,0.067526875,24,27,128,125,189,192,6,9,1.66,1.88,0.675928,0.662255,6.7665,7.881
CrNi,2.50274273,-0.505586178,-0.169196101,24,28,128,124,189,184,6,10,1.66,1.91,0.675928,1.157368,6.7665,7.6399
CrCu,2.374447475,-0.524071382,-0.02771445,24,29,128,128,189,186,6,11,1.66,1.9,0.675928,1.23578,6.7665,7.7264
CrZn,2.560281518,-0.143583053,-0.056740779,24,30,128,134,189,210,6,12,1.66,1.65,0.675928,-0.6,6.7665,9.3942
CrZr,-4.414548634,-2.475658828,-2.367778183,24,40,128,160,189,186,6,4,1.66,1.33,0.675928,0.433283,6.7665,6.6339
CrNb,-4.078653026,-1.872929211,-1.363391044,24,41,128,146,189,207,6,5,1.66,1.6,0.675928,0.9174,6.7665,6.7589
CrMo,2.745042679,-0.836776353,-0.567049657,24,42,128,139,189,209,6,6,1.66,2.16,0.675928,0.74723,6.7665,7.0924
CrTc,2.457019696,-0.316018848,-0.439329753,24,43,128,136,189,209,6,7,1.66,2.1,0.675928,0.636,6.7665,7.28
CrRu,2.974858726,0.211702399,-0.058944814,24,44,128,134,189,207,6,8,1.66,2.2,0.675928,1.04627,6.7665,7.3605
CrRh,3.028396127,0.238501425,-0.130053275,24,45,128,134,189,195,6,9,1.66,2.28,0.675928,1.14289,6.7665,7.4589
CrPd,2.749337485,0.019344405,-0.162517853,24,46,128,137,189,202,6,10,1.66,2.2,0.675928,0.56214,6.7665,8.3369
CrAg,2.373060673,-1.030810386,-0.349812565,24,47,128,144,189,203,6,11,1.66,1.93,0.675928,1.30447,6.7665,7.5762
CrCd,-3.415111149,-1.508113579,-1.150402172,24,48,128,148.9,189,230,6,12,1.66,1.69,0.675928,-0.7,6.7665,8.9938
CrIn,-4.210790025,-2.019662629,-3.159675574,24,49,128,167,189,236,6,13,1.66,1.78,0.675928,0.38392,6.7665,5.7864
CrSn,-4.0643702,-2.138380222,-3.803254813,24,50,128,151,189,233,6,14,1.66,1.96,0.675928,1.11207,6.7665,7.3439
CrW,2.457019696,-0.826072618,-0.675928496,24,74,128,139,189,210,6,6,1.66,1.7,0.675928,0.8165,6.7665,7.864
CrRe,2.468579546,-0.163472305,-0.429761492,24,75,128,137,189,217,6,7,1.66,1.9,0.675928,0.060396,6.7665,7.8335
CrOs,2.974858726,0.236368805,-0.121512891,24,76,128,135,189,216,6,8,1.66,2.2,0.675928,1.077661,6.7665,8.4382
CrIr,3.005185844,0.25080844,-0.039990006,24,77,128,135.5,189,202,6,9,1.66,2.2,0.675928,1.564057,6.7665,8.967
CrPt,2.681615686,-0.387506105,-0.150753923,24,78,128,138.5,189,209,6,10,1.66,2.2,0.675928,2.1251,6.7665,8.9588
CrAu,2.612290219,-1.09090429,-0.478968032,24,79,128,144,189,217,6,11,1.66,2.4,0.675928,2.30861,6.7665,9.2255
CrBi,-4.0643702,-2.194032316,-3.803254813,24,83,128,154.7,189,243,6,15,1.66,1.9,0.675928,0.942362,6.7665,7.2855
MnTi,-3.590812261,-0.196491058,-0.518017076,25,22,127,147,197,187,7,4,1.55,1.54,-0.5,0.07554,7.434,6.8281
MnV,0.270251841,1.082703579,0.27455554,25,23,127,134,197,179,7,5,1.55,1.63,-0.5,0.52766,7.434,6.7462
MnCr,3.481444439,1.151554388,0.519638935,25,24,127,128,197,189,7,6,1.55,1.66,-0.5,0.675928,7.434,6.7665
MnMn,3.493004288,1.209205416,0.584187022,25,25,127,127,197,197,7,7,1.55,1.55,-0.5,-0.5,7.434,7.434
MnFe,3.595433037,1.729859377,0.807737828,25,26,127,126,197,194,7,8,1.55,1.83,-0.5,0.153236,7.434,7.9024
MnCo,3.583873188,1.6158181,0.744524877,25,27,127,125,197,192,7,9,1.55,1.88,-0.5,0.662255,7.434,7.881
MnNi,3.45726526,1.201985255,0.507801902,25,28,127,124,197,184,7,10,1.55,1.91,-0.5,1.157368,7.434,7.6399
MnCu,3.44787758,1.17262708,0.649283553,25,29,127,128,197,186,7,11,1.55,1.9,-0.5,1.23578,7.434,7.7264
MnZn,3.508255803,1.466854647,0.620257224,25,30,127,134,197,210,7,12,1.55,1.65,-0.5,-0.6,7.434,9.3942
MnZr,-4.061812023,-0.384914134,-1.69078018,25,40,127,160,197,186,7,4,1.55,1.33,-0.5,0.433283,7.434,6.6339
MnNb,-3.955769422,0.085001347,-0.686393042,25,41,127,146,197,207,7,5,1.55,1.6,-0.5,0.9174,7.434,6.7589
MnMo,3.426400996,1.030815893,0.109948346,25,42,127,139,197,209,7,6,1.55,2.16,-0.5,0.74723,7.434,7.0924
MnTc,3.377812099,1.060773573,0.237668249,25,43,127,136,197,209,7,7,1.55,2.1,-0.5,0.636,7.434,7.28
MnRu,3.656217043,1.664370564,0.618053189,25,44,127,134,197,207,7,8,1.55,2.2,-0.5,1.04627,7.434,7.3605
MnRh,3.607398671,1.506586933,0.546944727,25,45,127,134,197,195,7,9,1.55,2.28,-0.5,1.14289,7.434,7.4589
MnPd,3.328340029,1.371028648,0.51448015,25,46,127,137,197,202,7,10,1.55,2.2,-0.5,0.56214,7.434,8.3369
MnAg,3.343281078,0.982496966,0.327185438,25,47,127,144,197,203,7,11,1.55,1.93,-0.5,1.30447,7.434,7.5762
MnCd,-3.084967107,0.685819231,-0.473404169,25,48,127,148.9,197,230,7,12,1.55,1.69,-0.5,-0.7,7.434,8.9938
MnIn,-4.040430454,-0.067735789,-2.482677572,25,49,127,167,197,236,7,13,1.55,1.78,-0.5,0.38392,7.434,5.7864
MnSn,-3.596637524,-0.177892804,-3.12625681,25,50,127,151,197,233,7,14,1.55,1.96,-0.5,1.11207,7.434,7.3439
MnW,3.452318591,1.072234061,0.001069507,25,74,127,139,197,210,7,6,1.55,1.7,-0.5,0.8165,7.434,7.864
MnRe,3.46387844,1.33265857,0.24723651,25,75,127,137,197,217,7,7,1.55,1.9,-0.5,0.060396,7.434,7.8335
MnOs,3.730723535,1.776558498,0.555485112,25,76,127,135,197,216,7,8,1.55,2.2,-0.5,1.077661,7.434,8.4382
MnIr,3.708122882,1.668078927,0.637007996,25,77,127,135.5,197,202,7,9,1.55,2.2,-0.5,1.564057,7.434,8.967
MnPt,3.454219392,1.53486811,0.52624408,25,78,127,138.5,197,209,7,10,1.55,2.2,-0.5,2.1251,7.434,8.9588
MnAu,3.443514868,1.04556261,0.198029971,25,79,127,144,197,217,7,11,1.55,2.4,-0.5,2.30861,7.434,9.2255
MnBi,-3.522131032,-0.228522149,-3.12625681,25,83,127,154.7,197,243,7,15,1.55,1.9,-0.5,0.942362,7.434,7.2855
FeTi,-3.613283311,0.792759713,-0.221446085,26,22,126,147,194,187,8,4,1.83,1.54,0.153236,0.07554,7.9024,6.8281
FeV,0.831500113,2.035082011,0.571126531,26,23,126,134,194,179,8,5,1.83,1.63,0.153236,0.52766,7.9024,6.7462
FeCr,4.042692711,2.101374506,0.816209925,26,24,126,128,194,189,8,6,1.83,1.66,0.153236,0.675928,7.9024,6.7665
FeMn,4.05425256,2.005112485,0.880758013,26,25,126,127,194,197,8,7,1.83,1.55,0.153236,-0.5,7.9024,7.434
FeFe,4.053484923,2.342258452,1.104308818,26,26,126,126,194,194,8,8,1.83,1.83,0.153236,0.153236,7.9024,7.9024
FeCo,4.041925073,2.243384464,1.041095868,26,27,126,125,194,192,8,9,1.83,1.88,0.153236,0.662255,7.9024,7.881
FeNi,3.915317145,1.996686214,0.804372893,26,28,126,124,194,184,8,10,1.83,1.91,0.153236,1.157368,7.9024,7.6399
FeCu,3.958238147,1.927164106,0.945854544,26,29,126,128,194,186,8,11,1.83,1.9,0.153236,1.23578,7.9024,7.7264
FeZn,3.916260596,2.011514462,0.916828214,26,30,126,134,194,210,8,12,1.83,1.65,0.153236,-0.6,7.9024,9.3942
FeZr,-4.097117516,0.578289946,-1.394209189,26,40,126,160,194,186,8,4,1.83,1.33,0.153236,0.433283,7.9024,6.6339
FeNb,-3.991074915,1.037937141,-0.389822051,26,41,126,146,194,207,8,5,1.83,1.6,0.153236,0.9174,7.9024,6.7589
FeMo,3.848939565,1.793131839,0.406519337,26,42,126,139,194,209,8,6,1.83,2.16,0.153236,0.74723,7.9024,7.0924
FeTc,3.836704597,1.895501369,0.53423924,26,43,126,136,194,209,8,7,1.83,2.1,0.153236,0.636,7.9024,7.28
FeRu,4.027867907,2.315624905,0.914624179,26,44,126,134,194,207,8,8,1.83,2.2,0.153236,1.04627,7.9024,7.3605
FeRh,4.081405308,2.122666239,0.843515718,26,45,126,134,194,195,8,9,1.83,2.28,0.153236,1.14289,7.9024,7.4589
FePd,3.802346666,1.800114403,0.81105114,26,46,126,137,194,202,8,10,1.83,2.2,0.153236,0.56214,7.9024,8.3369
FeAg,3.751285871,1.686739404,0.623756428,26,47,126,144,194,203,8,11,1.83,1.93,0.153236,1.30447,7.9024,7.5762
FeCd,-3.22087112,1.275417522,-0.176833178,26,48,126,148.9,194,230,8,12,1.83,1.69,0.153236,-0.7,7.9024,8.9938
FeIn,-4.126623652,0.84160511,-2.186106581,26,49,126,167,194,236,8,13,1.83,1.78,0.153236,0.38392,7.9024,5.7864
FeSn,-3.785186496,0.727731208,-2.829685819,26,50,126,151,194,233,8,14,1.83,1.96,0.153236,1.11207,7.9024,7.3439
FeW,3.836704597,1.750847443,0.297640498,26,74,126,139,194,210,8,6,1.83,1.7,0.153236,0.8165,7.9024,7.864
FeRe,3.848264447,2.010109701,0.543807501,26,75,126,137,194,217,8,7,1.83,1.9,0.153236,0.060396,7.9024,7.8335
FeOs,4.027867907,2.220865693,0.852056102,26,76,126,135,194,216,8,8,1.83,2.2,0.153236,1.077661,7.9024,8.4382
FeIr,4.107623027,2.070647045,0.933578987,26,77,126,135.5,194,202,8,9,1.83,2.2,0.153236,1.564057,7.9024,8.967
FePt,3.751363763,1.949236804,0.822815071,26,78,126,138.5,194,209,8,10,1.83,2.2,0.153236,2.1251,7.9024,8.9588
FeAu,3.74065924,1.437341233,0.494600962,26,79,126,144,194,217,8,11,1.83,2.4,0.153236,2.30861,7.9024,9.2255
FeBi,-3.785186496,0.665930092,-2.829685819,26,83,126,154.7,194,243,8,15,1.83,1.9,0.153236,0.942362,7.9024,7.2855
CoTi,-3.39508399,2.562901804,0.483732265,27,22,125,147,192,187,9,4,1.88,1.54,0.662255,0.07554,7.881,6.8281
CoV,1.814274624,3.388116243,1.27630488,27,23,125,134,192,179,9,5,1.88,1.63,0.662255,0.52766,7.881,6.7462
CoCr,4.548087005,3.454931156,1.521388275,27,24,125,128,192,189,9,6,1.88,1.66,0.662255,0.675928,7.881,6.7665
CoMn,4.575405232,3.273715206,1.585936362,27,25,125,127,192,197,9,7,1.88,1.55,0.662255,-0.5,7.881,7.434
CoFe,4.558879217,3.380533698,1.809487168,27,26,125,126,192,194,9,8,1.88,1.83,0.662255,0.153236,7.881,7.9024
CoCo,4.547319367,3.205175998,1.746274218,27,27,125,125,192,192,9,9,1.88,1.88,0.662255,0.662255,7.881,7.881
CoNi,4.287058967,2.964127946,1.509551242,27,28,125,124,192,184,9,10,1.88,1.91,0.662255,1.157368,7.881,7.6399
CoCu,4.302798087,2.896400889,1.651032893,27,29,125,128,192,186,9,11,1.88,1.9,0.662255,1.23578,7.881,7.7264
CoZn,4.260820536,3.147679128,1.622006564,27,30,125,134,192,210,9,12,1.88,1.65,0.662255,-0.6,7.881,9.3942
CoZr,-3.878918196,2.339833456,-0.68903084,27,40,125,160,192,186,9,4,1.88,1.33,0.662255,0.433283,7.881,6.6339
CoNb,-3.788633973,2.806933826,0.315356299,27,41,125,146,192,207,9,5,1.88,1.6,0.662255,0.9174,7.881,6.7589
CoMo,4.354333859,2.897275625,1.111697686,27,42,125,139,192,209,9,6,1.88,2.16,0.662255,0.74723,7.881,7.0924
CoTc,4.342098891,2.96909463,1.23941759,27,43,125,136,192,209,9,7,1.88,2.1,0.662255,0.636,7.881,7.28
CoRu,4.533262201,3.378478738,1.619802529,27,44,125,134,192,207,9,8,1.88,2.2,0.662255,1.04627,7.881,7.3605
CoRh,4.586799602,3.027413763,1.548694067,27,45,125,134,192,195,9,9,1.88,2.28,0.662255,1.14289,7.881,7.4589
CoPd,4.174088489,2.748222758,1.51622949,27,46,125,137,192,202,9,10,1.88,2.2,0.662255,0.56214,7.881,8.3369
CoAg,4.07359969,2.620840837,1.328934778,27,47,125,144,192,203,9,11,1.88,1.93,0.662255,1.30447,7.881,7.5762
CoCd,-3.179264532,2.848161407,0.528345171,27,48,125,148.9,192,230,9,12,1.88,1.69,0.662255,-0.7,7.881,8.9938
CoIn,-4.087511358,2.32403451,-1.480928231,27,49,125,167,192,236,9,13,1.88,1.78,0.662255,0.38392,7.881,5.7864
CoSn,-3.743579908,2.137467621,-2.12450747,27,50,125,151,192,233,9,14,1.88,1.96,0.662255,1.11207,7.881,7.3439
CoW,4.342098891,3.043380754,1.002818847,27,74,125,139,192,210,9,6,1.88,1.7,0.662255,0.8165,7.881,7.864
CoRe,4.353658741,3.100641117,1.248985851,27,75,125,137,192,217,9,7,1.88,1.9,0.662255,0.060396,7.881,7.8335
CoOs,4.533262201,3.287496921,1.557234452,27,76,125,135,192,216,9,8,1.88,2.2,0.662255,1.077661,7.881,8.4382
CoIr,4.563589318,2.927844734,1.638757337,27,77,125,135.5,192,202,9,9,1.88,2.2,0.662255,1.564057,7.881,8.967
CoPt,4.073677583,2.934624158,1.52799342,27,78,125,138.5,192,209,9,10,1.88,2.2,0.662255,2.1251,7.881,8.9588
CoAu,4.004352115,2.344981861,1.199779311,27,79,125,144,192,217,9,11,1.88,2.4,0.662255,2.30861,7.881,9.2255
CoBi,-3.743579908,2.110228042,-2.12450747,27,83,125,154.7,192,243,9,15,1.88,1.9,0.662255,0.942362,7.881,7.2855
NiTi,-3.484907543,3.355328393,0.592778696,28,22,124,147,184,187,10,4,1.91,1.54,1.157368,0.07554,7.6399,6.8281
NiV,1.709935405,4.323959673,1.385351312,28,23,124,134,184,179,10,5,1.91,1.63,1.157368,0.52766,7.6399,6.7462
NiCr,4.520735106,4.363273879,1.630434706,28,24,124,128,184,189,10,6,1.91,1.66,1.157368,0.675928,7.6399,6.7665
NiMn,4.536493484,4.267847291,1.694982793,28,25,124,127,184,197,10,7,1.91,1.55,1.157368,-0.5,7.6399,7.434
NiFe,4.618355186,4.370128996,1.918533599,28,26,124,126,184,194,10,8,1.91,1.83,1.157368,0.153236,7.6399,7.9024
NiCo,4.64356297,4.168840103,1.855320649,28,27,124,125,184,192,10,9,1.91,1.88,1.157368,0.662255,7.6399,7.881
NiNi,4.60747771,3.806314167,1.618597673,28,28,124,124,184,184,10,10,1.91,1.91,1.157368,1.157368,7.6399,7.6399
NiCu,4.540447165,3.716423063,1.760079325,28,29,124,128,184,186,10,11,1.91,1.9,1.157368,1.23578,7.6399,7.7264
NiZn,4.486909764,3.7464451,1.731052995,28,30,124,134,184,210,10,12,1.91,1.65,1.157368,-0.6,7.6399,9.3942
NiZr,-4.035009878,3.059135665,-0.579984409,28,40,124,160,184,186,10,4,1.91,1.33,1.157368,0.433283,7.6399,6.6339
NiNb,-3.919525053,3.715784314,0.42440273,28,41,124,146,184,207,10,5,1.91,1.6,1.157368,0.9174,7.6399,6.7589
NiMo,4.390983778,3.815234719,1.220744117,28,42,124,139,184,209,10,6,1.91,2.16,1.157368,0.74723,7.6399,7.0924
NiTc,4.37874881,3.922820834,1.348464021,28,43,124,136,184,209,10,7,1.91,2.1,1.157368,0.636,7.6399,7.28
NiRu,4.510022208,4.241494974,1.72884896,28,44,124,134,184,207,10,8,1.91,2.2,1.157368,1.04627,7.6399,7.3605
NiRh,4.588767393,3.878322723,1.657740499,28,45,124,134,184,195,10,9,1.91,2.28,1.157368,1.14289,7.6399,7.4589
NiPd,4.40023142,3.638714505,1.625275921,28,46,124,137,184,202,10,10,1.91,2.2,1.157368,0.56214,7.6399,8.3369
NiAg,4.328791335,3.443641676,1.437981209,28,47,124,144,184,203,10,11,1.91,1.93,1.157368,1.30447,7.6399,7.5762
NiCd,-3.119252793,3.209615224,0.637391602,28,48,124,148.9,184,230,10,12,1.91,1.69,1.157368,-0.7,7.6399,8.9938
NiIn,-4.246326959,2.804013996,-1.3718818,28,49,124,167,184,236,10,13,1.91,1.78,1.157368,0.38392,7.6399,5.7864
NiSn,-3.67200832,2.614061305,-2.015461039,28,50,124,151,184,233,10,14,1.91,1.96,1.157368,1.11207,7.6399,7.3439
NiW,4.362202056,4.093065342,1.111865278,28,74,124,139,184,210,10,6,1.91,1.7,1.157368,0.8165,7.6399,7.864
NiRe,4.24703637,4.087501738,1.358032282,28,75,124,137,184,217,10,7,1.91,1.9,1.157368,0.060396,7.6399,7.8335
NiOs,4.378309768,4.232274141,1.666280883,28,76,124,135,184,216,10,8,1.91,2.2,1.157368,1.077661,7.6399,8.4382
NiIr,4.549010356,3.774993719,1.747803768,28,77,124,135.5,184,202,10,9,1.91,2.2,1.157368,1.564057,7.6399,8.967
NiPt,4.28327376,3.834562411,1.637039851,28,78,124,138.5,184,209,10,10,1.91,2.2,1.157368,2.1251,7.6399,8.9588
NiAu,4.137688855,3.365075147,1.308825742,28,79,124,144,184,217,10,11,1.91,2.4,1.157368,2.30861,7.6399,9.2255
NiBi,-3.688555074,2.60931009,-2.015461039,28,83,124,154.7,184,243,10,15,1.91,1.9,1.157368,0.942362,7.6399,7.2855
CuTi,-3.484907543,2.450329667,0.232503945,29,22,128,147,186,187,11,4,1.9,1.54,1.23578,0.07554,7.7264,6.8281
CuV,1.709935405,3.280237892,1.025076561,29,23,128,134,186,179,11,5,1.9,1.63,1.23578,0.52766,7.7264,6.7462
CuCr,4.520735106,3.231879013,1.270159955,29,24,128,128,186,189,11,6,1.9,1.66,1.23578,0.675928,7.7264,6.7665
CuMn,4.536493484,3.390637907,1.334708043,29,25,128,127,186,197,11,7,1.9,1.55,1.23578,-0.5,7.7264,7.434
CuFe,4.552938666,3.662465926,1.558258848,29,26,128,126,186,194,11,8,1.9,1.83,1.23578,0.153236,7.7264,7.9024
CuCo,4.57814645,3.460433918,1.495045898,29,27,128,125,186,192,11,9,1.9,1.88,1.23578,0.662255,7.7264,7.881
CuNi,4.54206119,3.128861152,1.258322923,29,28,128,124,186,184,11,10,1.9,1.91,1.23578,1.157368,7.7264,7.6399
CuCu,4.540447165,3.051648467,1.399804574,29,29,128,128,186,186,11,11,1.9,1.9,1.23578,1.23578,7.7264,7.7264
CuZn,4.486909764,3.017029212,1.370778244,29,30,128,134,186,210,11,12,1.9,1.65,1.23578,-0.6,7.7264,9.3942
CuZr,-4.035009878,2.193950752,-0.940259159,29,40,128,160,186,186,11,4,1.9,1.33,1.23578,0.433283,7.7264,6.6339
CuNb,-3.919525053,2.375354467,0.064127979,29,41,128,146,186,207,11,5,1.9,1.6,1.23578,0.9174,7.7264,6.7589
CuMo,4.390983778,2.682138644,0.860469367,29,42,128,139,186,209,11,6,1.9,2.16,1.23578,0.74723,7.7264,7.0924
CuTc,4.37874881,2.808558555,0.98818927,29,43,128,136,186,209,11,7,1.9,2.1,1.23578,0.636,7.7264,7.28
CuRu,4.510022208,3.099788872,1.368574209,29,44,128,134,186,207,11,8,1.9,2.2,1.23578,1.04627,7.7264,7.3605
CuRh,4.588767393,3.166502388,1.297465748,29,45,128,134,186,195,11,9,1.9,2.28,1.23578,1.14289,7.7264,7.4589
CuPd,4.40023142,2.947573926,1.26500117,29,46,128,137,186,202,11,10,1.9,2.2,1.23578,0.56214,7.7264,8.3369
CuAg,4.328791335,2.637245112,1.077706458,29,47,128,144,186,203,11,11,1.9,1.93,1.23578,1.30447,7.7264,7.5762
CuCd,-3.119252793,2.405804551,0.277116852,29,48,128,148.9,186,230,11,12,1.9,1.69,1.23578,-0.7,7.7264,8.9938
CuIn,-4.246326959,1.945906946,-1.732156551,29,49,128,167,186,236,11,13,1.9,1.78,1.23578,0.38392,7.7264,5.7864
CuSn,-3.67200832,1.744645152,-2.375735789,29,50,128,151,186,233,11,14,1.9,1.96,1.23578,1.11207,7.7264,7.3439
CuW,4.362202056,2.766191907,0.751590528,29,74,128,139,186,210,11,6,1.9,1.7,1.23578,0.8165,7.7264,7.864
CuRe,4.24703637,3.04619651,0.997757531,29,75,128,137,186,217,11,7,1.9,1.9,1.23578,0.060396,7.7264,7.8335
CuOs,4.378309768,3.154442339,1.306006132,29,76,128,135,186,216,11,8,1.9,2.2,1.23578,1.077661,7.7264,8.4382
CuIr,4.549010356,3.108501015,1.387529017,29,77,128,135.5,186,202,11,9,1.9,2.2,1.23578,1.564057,7.7264,8.967
CuPt,4.28327376,2.882829888,1.276765101,29,78,128,138.5,186,209,11,10,1.9,2.2,1.23578,2.1251,7.7264,8.9588
CuAu,4.137688855,2.578135063,0.948550992,29,79,128,144,186,217,11,11,1.9,2.4,1.23578,2.30861,7.7264,9.2255
CuBi,-3.688555074,1.697125767,-2.375735789,29,83,128,154.7,186,243,11,15,1.9,1.9,1.23578,0.942362,7.7264,7.2855
ZnTi,-3.74213231,2.122422029,-0.798683422,30,22,134,147,210,187,12,4,1.65,1.54,-0.6,0.07554,9.3942,6.8281
ZnV,0.88562526,2.606776179,-0.006110806,30,23,134,134,210,179,12,5,1.65,1.63,-0.6,0.52766,9.3942,6.7462
ZnCr,3.443040763,2.684555682,0.238972588,30,24,134,128,210,189,12,6,1.65,1.66,-0.6,0.675928,9.3942,6.7665
ZnMn,3.443040763,2.879181679,0.303520675,30,25,134,127,210,197,12,7,1.65,1.55,-0.6,-0.5,9.3942,7.434
ZnFe,3.5305365,3.01185287,0.527071481,30,26,134,126,210,194,12,8,1.65,1.83,-0.6,0.153236,9.3942,7.9024
ZnCo,3.555744285,2.885448824,0.463858531,30,27,134,125,210,192,12,9,1.65,1.88,-0.6,0.662255,9.3942,7.881
ZnNi,3.603046724,2.671452579,0.227135555,30,28,134,124,210,184,12,10,1.65,1.91,-0.6,1.157368,9.3942,7.6399
ZnCu,3.657473872,2.623743909,0.368617206,30,29,134,128,210,186,12,11,1.65,1.9,-0.6,1.23578,9.3942,7.7264
ZnZn,3.67367434,2.897625914,0.339590877,30,30,134,134,210,210,12,12,1.65,1.65,-0.6,-0.6,9.3942,9.3942
ZnZr,-3.900390314,1.873696786,-1.971446527,30,40,134,160,210,186,12,4,1.65,1.33,-0.6,0.433283,9.3942,6.6339
ZnNb,-3.900050743,2.286227914,-0.967059388,30,41,134,146,210,207,12,5,1.65,1.6,-0.6,0.9174,9.3942,6.7589
ZnMo,3.417284885,2.409960318,-0.170718001,30,42,134,139,210,209,12,6,1.65,2.16,-0.6,0.74723,9.3942,7.0924
ZnTc,3.417284885,2.490486338,-0.042998097,30,43,134,136,210,209,12,7,1.65,2.1,-0.6,0.636,9.3942,7.28
ZnRu,3.52545912,2.631224987,0.337386842,30,44,134,134,210,207,12,8,1.65,2.2,-0.6,1.04627,9.3942,7.3605
ZnRh,3.558727994,2.645677315,0.26627838,30,45,134,134,210,195,12,9,1.65,2.28,-0.6,1.14289,9.3942,7.4589
ZnPd,3.572856941,2.753176992,0.233813803,30,46,134,137,210,202,12,10,1.65,2.2,-0.6,0.56214,9.3942,8.3369
ZnAg,3.492970099,2.736956082,0.046519091,30,47,134,144,210,203,12,11,1.65,1.93,-0.6,1.30447,9.3942,7.5762
ZnCd,-3.368442991,2.07479736,-0.754070516,30,48,134,148.9,210,230,12,12,1.65,1.69,-0.6,-0.7,9.3942,8.9938
ZnIn,-4.362752915,1.609568049,-2.763343918,30,49,134,167,210,236,12,13,1.65,1.78,-0.6,0.38392,9.3942,5.7864
ZnSn,-3.905261992,1.499684399,-3.406923157,30,50,134,151,210,233,12,14,1.65,1.96,-0.6,1.11207,9.3942,7.3439
ZnW,3.424999688,2.347823648,-0.27959684,30,74,134,139,210,210,12,6,1.65,1.7,-0.6,0.8165,9.3942,7.864
ZnRe,3.004427497,2.220756518,-0.033429836,30,75,134,137,210,217,12,7,1.65,1.9,-0.6,0.060396,9.3942,7.8335
ZnOs,3.112601732,2.088809232,0.274818765,30,76,134,135,210,216,12,8,1.65,2.2,-0.6,1.077661,9.3942,8.4382
ZnIr,3.592660516,2.512302577,0.35634165,30,77,134,135.5,210,202,12,9,1.65,2.2,-0.6,1.564057,9.3942,8.967
ZnPt,3.551846686,2.647714723,0.245577733,30,78,134,138.5,210,209,12,10,1.65,2.2,-0.6,2.1251,9.3942,8.9588
ZnAu,3.133141751,1.994024409,-0.082636376,30,79,134,144,210,217,12,11,1.65,2.4,-0.6,2.30861,9.3942,9.2255
ZnBi,-3.921808746,1.347876161,-3.406923157,30,83,134,154.7,210,243,12,15,1.65,1.9,-0.6,0.942362,9.3942,7.2855
ZrTi,-5.516969263,-4.882875786,-4.584909174,40,22,160,147,186,187,4,4,1.33,1.54,0.433283,0.07554,6.6339,6.8281
ZrV,-2.325034188,-2.920664899,-3.792336558,40,23,160,134,186,179,4,5,1.33,1.63,0.433283,0.52766,6.6339,6.7462
ZrCr,-0.309725695,-2.422415753,-3.547253163,40,24,160,128,186,189,4,6,1.33,1.66,0.433283,0.675928,6.6339,6.7665
ZrMn,-0.298165846,-2.250480902,-3.482705076,40,25,160,127,186,197,4,7,1.33,1.55,0.433283,-0.5,6.6339,7.434
ZrFe,-0.267504515,-1.902400119,-3.25915427,40,26,160,126,186,194,4,8,1.33,1.83,0.433283,0.153236,6.6339,7.9024
ZrCo,-0.236420903,-2.054085042,-3.322367221,40,27,160,125,186,192,4,9,1.33,1.88,0.433283,0.662255,6.6339,7.881
ZrNi,-0.663877449,-3.102695507,-3.559090196,40,28,160,124,186,184,4,10,1.33,1.91,0.433283,1.157368,6.6339,7.6399
ZrCu,-0.652385415,-2.980374031,-3.417608545,40,29,160,128,186,186,4,11,1.33,1.9,0.433283,1.23578,6.6339,7.7264
ZrZn,-0.287556988,-1.875354984,-3.446634875,40,30,160,134,186,210,4,12,1.33,1.65,0.433283,-0.6,6.6339,9.3942
ZrZr,-7.649555722,-6.56323627,-5.757672278,40,40,160,160,186,186,4,4,1.33,1.33,0.433283,0.433283,6.6339,6.6339
ZrNb,-7.389014659,-4.381398904,-4.75328514,40,41,160,146,186,207,4,5,1.33,1.6,0.433283,0.9174,6.6339,6.7589
ZrMo,0.163718658,-2.99431243,-3.956943752,40,42,160,139,186,209,4,6,1.33,2.16,0.433283,0.74723,6.6339,7.0924
ZrTc,-0.160658254,-2.594502765,-3.829223849,40,43,160,136,186,209,4,7,1.33,2.1,0.433283,0.636,6.6339,7.28
ZrRu,0.056569627,-1.953629655,-3.448838909,40,44,160,134,186,207,4,8,1.33,2.2,0.433283,1.04627,6.6339,7.3605
ZrRh,0.050394715,-1.979264801,-3.519947371,40,45,160,134,186,195,4,9,1.33,2.28,0.433283,1.14289,6.6339,7.4589
ZrPd,-0.015623576,-1.586720749,-3.552411949,40,46,160,137,186,202,4,10,1.33,2.2,0.433283,0.56214,6.6339,8.3369
ZrAg,-0.276470542,-3.276763289,-3.739706661,40,47,160,144,186,203,4,11,1.33,1.93,0.433283,1.30447,6.6339,7.5762
ZrCd,-4.389910579,-3.755464463,-4.540296267,40,48,160,148.9,186,230,4,12,1.33,1.69,0.433283,-0.7,6.6339,8.9938
ZrIn,-6.614284687,-5.78273853,-6.54956967,40,49,160,167,186,236,4,13,1.33,1.78,0.433283,0.38392,6.6339,5.7864
ZrSn,-5.643919941,-5.940127738,-7.193148908,40,50,160,151,186,233,4,14,1.33,1.96,0.433283,1.11207,6.6339,7.3439
ZrW,-0.086151761,-2.949866311,-4.065822591,40,74,160,139,186,210,4,6,1.33,1.7,0.433283,0.8165,6.6339,7.864
ZrRe,-0.074591912,-2.309495073,-3.819655588,40,75,160,137,186,217,4,7,1.33,1.9,0.433283,0.060396,6.6339,7.8335
ZrOs,0.131076119,-1.593220179,-3.511406987,40,76,160,135,186,216,4,8,1.33,2.2,0.433283,1.077661,6.6339,8.4382
ZrIr,0.151118927,-1.590976976,-3.429884102,40,77,160,135.5,186,202,4,9,1.33,2.2,0.433283,1.564057,6.6339,8.967
ZrPt,0.135334191,-1.984173426,-3.540648018,40,78,160,138.5,186,209,4,10,1.33,2.2,0.433283,2.1251,6.6339,8.9588
ZrAu,0.15653517,-2.76081009,-3.868862127,40,79,160,144,186,217,4,11,1.33,2.4,0.433283,2.30861,6.6339,9.2255
ZrBi,-5.569413449,-5.938143871,-7.193148908,40,83,160,154.7,186,243,4,15,1.33,1.9,0.433283,0.942362,6.6339,7.2855
NbTi,-4.395521128,-4.449845923,-3.847822293,41,22,146,147,207,187,5,4,1.6,1.54,0.9174,0.07554,6.7589,6.8281
NbV,-2.471067265,-2.455232254,-3.055249677,41,23,146,134,207,179,5,5,1.6,1.63,0.9174,0.52766,6.7589,6.7462
NbCr,-0.419792271,-2.195231724,-2.810166283,41,24,146,128,207,189,5,6,1.6,1.66,0.9174,0.675928,6.7589,6.7665
NbMn,-0.392474044,-2.146288794,-2.745618196,41,25,146,127,207,197,5,7,1.6,1.55,0.9174,-0.5,6.7589,7.434
NbFe,-0.466320294,-1.968123617,-2.52206739,41,26,146,126,207,194,5,8,1.6,1.83,0.9174,0.153236,6.7589,7.9024
NbCo,-0.477880144,-2.046638309,-2.58528034,41,27,146,125,207,192,5,9,1.6,1.88,0.9174,0.662255,6.7589,7.881
NbNi,-0.939809234,-2.863176315,-2.822003315,41,28,146,124,207,184,5,10,1.6,1.91,0.9174,1.157368,6.7589,7.6399
NbCu,-0.926639792,-2.750484118,-2.680521664,41,29,146,128,207,186,5,11,1.6,1.9,0.9174,1.23578,6.7589,7.7264
NbZn,-0.638449975,-2.252198257,-2.709547994,41,30,146,134,207,210,5,12,1.6,1.65,0.9174,-0.6,6.7589,9.3942
NbZr,-5.108169147,-5.112793359,-5.020585398,41,40,146,160,207,186,5,4,1.6,1.33,0.9174,0.433283,6.7589,6.6339
NbNb,-4.790000932,-3.933381852,-4.016198259,41,41,146,146,207,207,5,5,1.6,1.6,0.9174,0.9174,6.7589,6.7589
NbMo,0.157783781,-2.88037913,-3.219856871,41,42,146,139,207,209,5,6,1.6,2.16,0.9174,0.74723,6.7589,7.0924
NbTc,-0.166593131,-2.454352929,-3.092136968,41,43,146,136,207,209,5,7,1.6,2.1,0.9174,0.636,6.7589,7.28
NbRu,-0.08000927,-1.928551006,-2.711752029,41,44,146,134,207,207,5,8,1.6,2.2,0.9174,1.04627,6.7589,7.3605
NbRh,-0.128827642,-1.974587632,-2.78286049,41,45,146,134,207,195,5,9,1.6,2.28,0.9174,1.14289,6.7589,7.4589
NbPd,-0.158564372,-1.947907363,-2.815325068,41,46,146,137,207,202,5,10,1.6,2.2,0.9174,0.56214,6.7589,8.3369
NbAg,-0.468839341,-3.316582724,-3.00261978,41,47,146,144,207,203,5,11,1.6,1.93,0.9174,1.30447,6.7589,7.5762
NbCd,-3.859332619,-3.948108203,-3.803209387,41,48,146,148.9,207,230,5,12,1.6,1.69,0.9174,-0.7,6.7589,8.9938
NbIn,-5.131914928,-4.846864053,-5.812482789,41,49,146,167,207,236,5,13,1.6,1.78,0.9174,0.38392,6.7589,5.7864
NbSn,-4.909137937,-4.914795516,-6.456062028,41,50,146,151,207,233,5,14,1.6,1.96,0.9174,1.11207,6.7589,7.3439
NbW,-0.092086639,-2.881396746,-3.328735711,41,74,146,139,207,210,5,6,1.6,1.7,0.9174,0.8165,6.7589,7.864
NbRe,-0.08052679,-2.282459065,-3.082568707,41,75,146,137,207,217,5,7,1.6,1.9,0.9174,0.060396,6.7589,7.8335
NbOs,-0.005502777,-1.750081457,-2.774320106,41,76,146,135,207,216,5,8,1.6,2.2,0.9174,1.077661,6.7589,8.4382
NbIr,-0.077531434,-1.768988532,-2.692797221,41,77,146,135.5,207,202,5,9,1.6,2.2,0.9174,1.564057,6.7589,8.967
NbPt,-0.057034608,-2.34636773,-2.803561138,41,78,146,138.5,207,209,5,10,1.6,2.2,0.9174,2.1251,6.7589,8.9588
NbAu,-0.116502541,-3.146091727,-3.131775247,41,79,146,144,207,217,5,11,1.6,2.4,0.9174,2.30861,6.7589,9.2255
NbBi,-4.834631445,-4.928041321,-6.456062028,41,83,146,154.7,207,243,5,15,1.6,1.9,0.9174,0.942362,6.7589,7.2855
MoTi,-4.707967501,-3.407196963,-2.068940798,42,22,139,147,209,187,6,4,2.16,1.54,0.74723,0.07554,7.0924,6.8281
MoV,-3.441850866,-1.743855216,-1.276368182,42,23,139,134,209,179,6,5,2.16,1.63,0.74723,0.52766,7.0924,6.7462
MoCr,-1.392808206,-1.450684136,-1.031284788,42,24,139,128,209,189,6,6,2.16,1.66,0.74723,0.675928,7.0924,6.7665
MoMn,-1.326535194,-1.366421203,-0.966736701,42,25,139,127,209,197,6,7,2.16,1.55,0.74723,-0.5,7.0924,7.434
MoFe,-1.180365066,-1.333627259,-0.743185895,42,26,139,126,209,194,6,8,2.16,1.83,0.74723,0.153236,7.0924,7.9024
MoCo,-1.191924915,-1.335923106,-0.806398845,42,27,139,125,209,192,6,9,2.16,1.88,0.74723,0.662255,7.0924,7.881
MoNi,-1.360430995,-1.98358685,-1.043121821,42,28,139,124,209,184,6,10,2.16,1.91,0.74723,1.157368,7.0924,7.6399
MoCu,-1.546342804,-1.868793899,-0.90164017,42,29,139,128,209,186,6,11,2.16,1.9,0.74723,1.23578,7.0924,7.7264
MoZn,-1.821626706,-1.885382419,-0.930666499,42,30,139,134,209,210,6,12,2.16,1.65,0.74723,-0.6,7.0924,9.3942
MoZr,-5.025391808,-3.576680812,-3.241703903,42,40,139,160,209,186,6,4,2.16,1.33,0.74723,0.433283,7.0924,6.6339
MoNb,-5.091677862,-2.79288799,-2.237316764,42,41,139,146,209,207,6,5,2.16,1.6,0.74723,0.9174,7.0924,6.7589
MoMo,-1.473325581,-2.081366632,-1.440975377,42,42,139,139,209,209,6,6,2.16,2.16,0.74723,0.74723,7.0924,7.0924
MoTc,-1.761348563,-1.65286554,-1.313255473,42,43,139,136,209,209,6,7,2.16,2.1,0.74723,0.636,7.0924,7.28
MoRu,-1.131844996,-1.068690428,-0.932870534,42,44,139,134,209,207,6,8,2.16,2.2,0.74723,1.04627,7.0924,7.3605
MoRh,-1.078307595,-1.121676971,-1.003978996,42,45,139,134,209,195,6,9,2.16,2.28,0.74723,1.14289,7.0924,7.4589
MoPd,-1.328510281,-1.21790998,-1.036443573,42,46,139,137,209,202,6,10,2.16,2.2,0.74723,0.56214,7.0924,8.3369
MoAg,-1.704787094,-2.351623848,-1.223738285,42,47,139,144,209,203,6,11,2.16,1.93,0.74723,1.30447,7.0924,7.5762
MoCd,-4.342129272,-3.125155851,-2.024327892,42,48,139,148.9,209,230,6,12,2.16,1.69,0.74723,-0.7,7.0924,8.9938
MoIn,-5.57868562,-3.497332935,-4.033601294,42,49,139,167,209,236,6,13,2.16,1.78,0.74723,0.38392,7.0924,5.7864
MoSn,-5.444579548,-3.475971377,-4.677180533,42,50,139,151,209,233,6,14,2.16,1.96,0.74723,1.11207,7.0924,7.3439
MoW,-1.761348563,-2.097280538,-1.549854216,42,74,139,139,209,210,6,6,2.16,1.7,0.74723,0.8165,7.0924,7.864
MoRe,-1.749788714,-1.576155407,-1.303687212,42,75,139,137,209,217,6,7,2.16,1.9,0.74723,0.060396,7.0924,7.8335
MoOs,-1.365151346,-0.923251881,-0.995438611,42,76,139,135,209,216,6,8,2.16,2.2,0.74723,1.077661,7.0924,8.4382
MoIr,-1.221896456,-0.967986917,-0.913915726,42,77,139,135.5,209,202,6,9,2.16,2.2,0.74723,1.564057,7.0924,8.967
MoPt,-1.757527711,-1.540157255,-1.024679643,42,78,139,138.5,209,209,6,10,2.16,2.2,0.74723,2.1251,7.0924,8.9588
MoAu,-1.826853178,-2.29893675,-1.352893752,42,79,139,144,209,217,6,11,2.16,2.4,0.74723,2.30861,7.0924,9.2255
MoBi,-5.564958126,-3.475972565,-4.677180533,42,83,139,154.7,209,243,6,15,2.16,1.9,0.74723,0.942362,7.0924,7.2855
TcTi,-4.499012071,-2.501805072,-1.277658376,43,22,136,147,209,187,7,4,2.1,1.54,0.636,0.07554,7.28,6.8281
TcV,-0.205845029,-0.646183636,-0.48508576,43,23,136,134,209,179,7,5,2.1,1.63,0.636,0.52766,7.28,6.7462
TcCr,2.810617792,-0.358403839,-0.240002366,43,24,136,128,209,189,7,6,2.1,1.66,0.636,0.675928,7.28,6.7665
TcMn,2.876890804,-0.124745183,-0.175454278,43,25,136,127,209,197,7,7,2.1,1.55,0.636,-0.5,7.28,7.434
TcFe,2.968671356,-0.047349982,0.048096527,43,26,136,126,209,194,7,8,2.1,1.83,0.636,0.153236,7.28,7.9024
TcCo,2.957111507,-0.09148222,-0.015116423,43,27,136,125,209,192,7,9,2.1,1.88,0.636,0.662255,7.28,7.881
TcNi,2.788605426,-0.637710819,-0.251839398,43,28,136,124,209,184,7,10,2.1,1.91,0.636,1.157368,7.28,7.6399
TcCu,2.657083194,-0.683919819,-0.110357747,43,29,136,128,209,186,7,11,2.1,1.9,0.636,1.23578,7.28,7.7264
TcZn,2.615105643,-0.717682998,-0.139384077,43,30,136,134,209,210,7,12,2.1,1.65,0.636,-0.6,7.28,9.3942
TcZr,-4.732475559,-2.624532134,-2.45042148,43,40,136,160,209,186,7,4,2.1,1.33,0.636,0.433283,7.28,6.6339
TcNb,-4.798761613,-1.847965014,-1.446034342,43,41,136,146,209,207,7,5,2.1,1.6,0.636,0.9174,7.28,6.7589
TcMo,2.687618753,-0.995380895,-0.649692954,43,42,136,139,209,209,7,6,2.1,2.16,0.636,0.74723,7.28,7.0924
TcTc,2.675383786,-0.512012535,-0.521973051,43,43,136,136,209,209,7,7,2.1,2.1,0.636,0.636,7.28,7.28
TcRu,2.795792988,-0.105046793,-0.141588112,43,44,136,134,209,207,7,8,2.1,2.2,0.636,1.04627,7.28,7.3605
TcRh,2.849330389,-0.202684993,-0.212696573,43,45,136,134,209,195,7,9,2.1,2.28,0.636,1.14289,7.28,7.4589
TcPd,2.599127703,-0.327754243,-0.245161151,43,46,136,137,209,202,7,10,2.1,2.2,0.636,0.56214,7.28,8.3369
TcAg,2.498638904,-1.209434802,-0.432455863,43,47,136,144,209,203,7,11,2.1,1.93,0.636,1.30447,7.28,7.5762
TcCd,-3.881180563,-2.107531603,-1.233045469,43,48,136,148.9,209,230,7,12,2.1,1.69,0.636,-0.7,7.28,8.9938
TcIn,-5.05246302,-2.446226764,-3.242318872,43,49,136,167,209,236,7,13,2.1,1.78,0.636,0.38392,7.28,5.7864
TcSn,-4.786817174,-2.485426899,-3.88589811,43,50,136,151,209,233,7,14,2.1,1.96,0.636,1.11207,7.28,7.3439
TcW,2.675383786,-0.945413859,-0.758571793,43,74,136,139,209,210,7,6,2.1,1.7,0.636,0.8165,7.28,7.864
TcRe,2.686943635,-0.37001478,-0.51240479,43,75,136,137,209,217,7,7,2.1,1.9,0.636,0.060396,7.28,7.8335
TcOs,2.795792988,-0.028776446,-0.204156189,43,76,136,135,209,216,7,8,2.1,2.2,0.636,1.077661,7.28,8.4382
TcIr,2.705741528,-0.075200809,-0.122633304,43,77,136,135.5,209,202,7,9,2.1,2.2,0.636,1.564057,7.28,8.967
TcPt,2.370727517,-0.684796193,-0.23339722,43,78,136,138.5,209,209,7,10,2.1,2.2,0.636,2.1251,7.28,8.9588
TcAu,2.30140205,-1.507944726,-0.561611329,43,79,136,144,209,217,7,11,2.1,2.4,0.636,2.30861,7.28,9.2255
TcBi,-4.907195751,-2.523434431,-3.88589811,43,83,136,154.7,209,243,7,15,2.1,1.9,0.636,0.942362,7.28,7.2855
RuTi,-3.742787426,0.549458842,-0.320505864,44,22,134,147,207,187,8,4,2.2,1.54,1.04627,0.07554,7.3605,6.8281
RuV,0.826810613,1.440717191,0.472066752,44,23,134,134,207,179,8,5,2.2,1.63,1.04627,0.52766,7.3605,6.7462
RuCr,3.902265883,1.593624212,0.717150146,44,24,134,128,207,189,8,6,2.2,1.66,1.04627,0.675928,7.3605,6.7665
RuMn,3.968538895,1.929301918,0.781698234,44,25,134,127,207,197,8,7,2.2,1.55,1.04627,-0.5,7.3605,7.434
RuFe,4.000429535,1.930740417,1.005249039,44,26,134,126,207,194,8,8,2.2,1.83,1.04627,0.153236,7.3605,7.9024
RuCo,3.988869685,1.880337947,0.942036089,44,27,134,125,207,192,8,9,2.2,1.88,1.04627,0.662255,7.3605,7.881
RuNi,3.862261757,1.315363855,0.705313114,44,28,134,124,207,184,8,10,2.2,1.91,1.04627,1.157368,7.3605,7.6399
RuCu,3.730739524,1.222930473,0.846794765,44,29,134,128,207,186,8,11,2.2,1.9,1.04627,1.23578,7.3605,7.7264
RuZn,3.688761973,0.898288103,0.817768435,44,30,134,134,207,210,8,12,2.2,1.65,1.04627,-0.6,7.3605,9.3942
RuZr,-4.156497474,0.337252885,-1.493268969,44,40,134,160,207,186,8,4,2.2,1.33,1.04627,0.433283,7.3605,6.6339
RuNb,-4.083940644,0.789594142,-0.48888183,44,41,134,146,207,207,8,5,2.2,1.6,1.04627,0.9174,7.3605,6.7589
RuMo,3.779266844,1.205602773,0.307459558,44,42,134,139,207,209,8,6,2.2,2.16,1.04627,0.74723,7.3605,7.0924
RuTc,3.767031876,1.27325234,0.435179461,44,43,134,136,207,209,8,7,2.2,2.1,1.04627,0.636,7.3605,7.28
RuRu,3.827551167,1.75110321,0.8155644,44,44,134,134,207,207,8,8,2.2,2.2,1.04627,1.04627,7.3605,7.3605
RuRh,3.881088567,1.659798709,0.744455939,44,45,134,134,207,195,8,9,2.2,2.28,1.04627,1.14289,7.3605,7.4589
RuPd,3.672784033,1.309799311,0.711991361,44,46,134,137,207,202,8,10,2.2,2.2,1.04627,0.56214,7.3605,8.3369
RuAg,3.572295235,1.093414484,0.524696649,44,47,134,144,207,203,8,11,2.2,1.93,1.04627,1.30447,7.3605,7.5762
RuCd,-3.442033278,0.392464899,-0.275892958,44,48,134,148.9,207,230,8,12,2.2,1.69,1.04627,-0.7,7.3605,8.9938
RuIn,-4.303663149,0.119943252,-2.28516636,44,49,134,167,207,236,8,13,2.2,1.78,1.04627,0.38392,7.3605,5.7864
RuSn,-4.048584288,0.099337608,-2.928745599,44,50,134,151,207,233,8,14,2.2,1.96,1.04627,1.11207,7.3605,7.3439
RuW,3.767031876,1.278867294,0.198580718,44,74,134,139,207,210,8,6,2.2,1.7,1.04627,0.8165,7.3605,7.864
RuRe,3.778591725,1.438547579,0.444747722,44,75,134,137,207,217,8,7,2.2,1.9,1.04627,0.060396,7.3605,7.8335
RuOs,3.827551167,1.850095502,0.752996323,44,76,134,135,207,216,8,8,2.2,2.2,1.04627,1.077661,7.3605,8.4382
RuIr,3.857878284,1.771286293,0.834519208,44,77,134,135.5,207,202,8,9,2.2,2.2,1.04627,1.564057,7.3605,8.967
RuPt,3.572373127,1.354627427,0.723755291,44,78,134,138.5,207,209,8,10,2.2,2.2,1.04627,2.1251,7.3605,8.9588
RuAu,3.512905194,0.762282238,0.395541182,44,79,134,144,207,217,8,11,2.2,2.4,1.04627,2.30861,7.3605,9.2255
RuBi,-4.048584288,0.054855916,-2.928745599,44,83,134,154.7,207,243,8,15,2.2,1.9,1.04627,0.942362,7.3605,7.2855
RhTi,-3.509307114,2.651103871,0.14888594,45,22,134,147,195,187,9,4,2.28,1.54,1.14289,0.07554,7.4589,6.8281
RhV,1.868885965,3.201024222,0.941458556,45,23,134,134,195,179,9,5,2.28,1.63,1.14289,0.52766,7.4589,6.7462
RhCr,4.601192682,3.257215213,1.18654195,45,24,134,128,195,189,9,6,2.28,1.66,1.14289,0.675928,7.4589,6.7665
RhMn,4.667465694,3.480354924,1.251090037,45,25,134,127,195,197,9,7,2.28,1.55,1.14289,-0.5,7.4589,7.434
RhFe,4.688309831,3.59147027,1.474640843,45,26,134,126,195,194,9,8,2.28,1.83,1.14289,0.153236,7.4589,7.9024
RhCo,4.676749982,3.541067799,1.411427893,45,27,134,125,195,192,9,9,2.28,1.88,1.14289,0.662255,7.4589,7.881
RhNi,4.386731728,2.957280993,1.174704917,45,28,134,124,195,184,9,10,2.28,1.91,1.14289,1.157368,7.4589,7.6399
RhCu,4.266255998,2.864847611,1.316186568,45,29,134,128,195,186,9,11,2.28,1.9,1.14289,1.23578,7.4589,7.7264
RhZn,4.224278447,2.239566708,1.287160239,45,30,134,134,195,210,9,12,2.28,1.65,1.14289,-0.6,7.4589,9.3942
RhZr,-4.009378348,2.462359321,-1.023877165,45,40,134,160,195,186,9,4,2.28,1.33,1.14289,0.433283,7.4589,6.6339
RhNb,-3.936821518,2.700560728,-0.019490026,45,41,134,146,195,207,9,5,2.28,1.6,1.14289,0.9174,7.4589,6.7589
RhMo,4.407439536,2.683170308,0.776851361,45,42,134,139,195,209,9,6,2.28,2.16,1.14289,0.74723,7.4589,7.0924
RhTc,4.395204568,2.776533316,0.904571265,45,43,134,136,195,209,9,7,2.28,2.1,1.14289,0.636,7.4589,7.28
RhRu,4.526477966,3.297270392,1.284956204,45,44,134,134,195,207,9,8,2.28,2.2,1.14289,1.04627,7.4589,7.3605
RhRh,4.580015367,3.293332579,1.213847742,45,45,134,134,195,195,9,9,2.28,2.28,1.14289,1.14289,7.4589,7.4589
RhPd,4.137546399,2.648894868,1.181383165,45,46,134,137,195,202,9,10,2.28,2.2,1.14289,0.56214,7.4589,8.3369
RhAg,4.065089101,2.438528379,0.994088453,45,47,134,144,195,203,9,11,2.28,1.93,1.14289,1.30447,7.4589,7.5762
RhCd,-3.392352626,2.204204318,0.193498846,45,48,134,148.9,195,230,9,12,2.28,1.69,1.14289,-0.7,7.4589,8.9938
RhIn,-4.319954349,2.031591173,-1.815774556,45,49,134,167,195,236,9,13,2.28,1.78,1.14289,0.38392,7.4589,5.7864
RhSn,-4.014840163,2.010985529,-2.459353795,45,50,134,151,195,233,9,14,2.28,1.96,1.14289,1.11207,7.4589,7.3439
RhW,4.395204568,2.793151594,0.667972522,45,74,134,139,195,210,9,6,2.28,1.7,1.14289,0.8165,7.4589,7.864
RhRe,4.406764418,3.065785608,0.914139526,45,75,134,137,195,217,9,7,2.28,1.9,1.14289,0.060396,7.4589,7.8335
RhOs,4.526477966,3.479310036,1.222388127,45,76,134,135,195,216,9,8,2.28,2.2,1.14289,1.077661,7.4589,8.4382
RhIr,4.584836583,3.165480845,1.303911012,45,77,134,135.5,195,202,9,9,2.28,2.2,1.14289,1.564057,7.4589,8.967
RhPt,4.065166993,2.622991531,1.193147095,45,78,134,138.5,195,209,9,10,2.28,2.2,1.14289,2.1251,7.4589,8.9588
RhAu,4.00569906,2.113023562,0.864932986,45,79,134,144,195,217,9,11,2.28,2.4,1.14289,2.30861,7.4589,9.2255
RhBi,-4.014840163,1.966503837,-2.459353795,45,83,134,154.7,195,243,9,15,2.28,1.9,1.14289,0.942362,7.4589,7.2855
PdTi,-4.066495269,3.546800404,0.785271947,46,22,137,147,202,187,10,4,2.2,1.54,0.56214,0.07554,8.3369,6.8281
PdV,1.800039304,4.21054098,1.577844563,46,23,137,134,202,179,10,5,2.2,1.63,0.56214,0.52766,8.3369,6.7462
PdCr,4.582602492,4.268098231,1.822927958,46,24,137,128,202,189,10,6,2.2,1.66,0.56214,0.675928,8.3369,6.7665
PdMn,4.644588657,4.245578875,1.887476045,46,25,137,127,202,197,10,7,2.2,1.55,0.56214,-0.5,8.3369,7.434
PdFe,4.83146483,4.386124785,2.111026851,46,26,137,126,202,194,10,8,2.2,1.83,0.56214,0.153236,8.3369,7.9024
PdCo,4.856672614,4.395708736,2.0478139,46,27,137,125,202,192,10,9,2.2,1.88,0.56214,0.662255,8.3369,7.881
PdNi,4.75009801,4.034776067,1.811090925,46,28,137,124,202,184,10,10,2.2,1.91,0.56214,1.157368,8.3369,7.6399
PdCu,4.662204463,4.080309133,1.952572576,46,29,137,128,202,186,10,11,2.2,1.9,0.56214,1.23578,8.3369,7.7264
PdZn,4.635518904,3.835069321,1.923546247,46,30,137,134,202,210,10,12,2.2,1.65,0.56214,-0.6,8.3369,9.3942
PdZr,-4.411177709,3.374234883,-0.387491157,46,40,137,160,202,186,10,4,2.2,1.33,0.56214,0.433283,8.3369,6.6339
PdNb,-4.419676127,3.876281335,0.616895981,46,41,137,146,202,207,10,5,2.2,1.6,0.56214,0.9174,8.3369,6.7589
PdMo,4.424466388,3.919651002,1.413237369,46,42,137,139,202,209,10,6,2.2,2.16,0.56214,0.74723,8.3369,7.0924
PdTc,4.41223142,3.992248782,1.540957272,46,43,137,136,202,209,10,7,2.2,2.1,0.56214,0.636,8.3369,7.28
PdRu,4.60339473,4.345179033,1.921342212,46,44,137,134,202,207,10,8,2.2,2.2,0.56214,1.04627,8.3369,7.3605
PdRh,4.725777417,4.307600593,1.85023375,46,45,137,134,202,195,10,9,2.2,2.28,0.56214,1.14289,8.3369,7.4589
PdPd,4.561503001,4.167007218,1.817769173,46,46,137,137,202,202,10,10,2.2,2.2,0.56214,0.56214,8.3369,8.3369
PdAg,4.485997381,3.935634752,1.630474461,46,47,137,144,202,203,10,11,2.2,1.93,0.56214,1.30447,8.3369,7.5762
PdCd,-3.187110414,3.419832217,0.829884854,46,48,137,148.9,202,230,10,12,2.2,1.69,0.56214,-0.7,8.3369,8.9938
PdIn,-4.512922115,3.097960475,-1.179388549,46,49,137,167,202,236,10,13,2.2,1.78,0.56214,0.38392,8.3369,5.7864
PdSn,-4.081187176,3.128565801,-1.822967787,46,50,137,151,202,233,10,14,2.2,1.96,0.56214,1.11207,8.3369,7.3439
PdW,4.450921283,3.879836699,1.30435853,46,74,137,139,202,210,10,6,2.2,1.7,0.56214,0.8165,8.3369,7.864
PdRe,4.452486219,4.023337217,1.550525533,46,75,137,137,202,217,10,7,2.2,1.9,0.56214,0.060396,8.3369,7.8335
PdOs,4.612674468,4.403510642,1.858774135,46,76,137,135,202,216,10,8,2.2,2.2,0.56214,1.077661,8.3369,8.4382
PdIr,4.743140401,4.314960655,1.94029702,46,77,137,135.5,202,202,10,9,2.2,2.2,0.56214,1.564057,8.3369,8.967
PdPt,4.4261556,4.253512012,1.829533103,46,78,137,138.5,202,209,10,10,2.2,2.2,0.56214,2.1251,8.3369,8.9588
PdAu,4.47797023,3.93523432,1.501318994,46,79,137,144,202,217,10,11,2.2,2.4,0.56214,2.30861,8.3369,9.2255
PdBi,-4.09773393,3.121127276,-1.822967787,46,83,137,154.7,202,243,10,15,2.2,1.9,0.56214,0.942362,8.3369,7.2855
AgTi,-4.22376069,3.069784174,0.50779565,47,22,144,147,203,187,11,4,1.93,1.54,1.30447,0.07554,7.5762,6.8281
AgV,1.766598029,4.154099322,1.300368266,47,23,144,134,203,179,11,5,1.93,1.63,1.30447,0.52766,7.5762,6.7462
AgCr,4.493791443,4.194695073,1.545451661,47,24,144,128,203,189,11,6,1.93,1.66,1.30447,0.675928,7.5762,6.7665
AgMn,4.548504606,4.050312266,1.609999748,47,25,144,127,203,197,11,7,1.93,1.55,1.30447,-0.5,7.5762,7.434
AgFe,4.582990077,4.398311937,1.833550554,47,26,144,126,203,194,11,8,1.93,1.83,1.30447,0.153236,7.5762,7.9024
AgCo,4.608197861,4.396171455,1.770337603,47,27,144,125,203,192,11,9,1.93,1.88,1.30447,0.662255,7.5762,7.881
AgNi,4.572112601,4.090531393,1.533614628,47,28,144,124,203,184,11,10,1.93,1.91,1.30447,1.157368,7.5762,7.6399
AgCu,4.513503502,4.152304722,1.675096279,47,29,144,128,203,186,11,11,1.93,1.9,1.30447,1.23578,7.5762,7.7264
AgZn,4.459966101,3.58281424,1.646069949,47,30,144,134,203,210,11,12,1.93,1.65,1.30447,-0.6,7.5762,9.3942
AgZr,-4.751310762,2.418467098,-0.664967454,47,40,144,160,203,186,11,4,1.93,1.33,1.30447,0.433283,7.5762,6.6339
AgNb,-4.667194083,3.345725203,0.339419684,47,41,144,146,203,207,11,5,1.93,1.6,1.30447,0.9174,7.5762,6.7589
AgMo,4.364040115,3.698316252,1.135761072,47,42,144,139,203,209,11,6,1.93,2.16,1.30447,0.74723,7.5762,7.0924
AgTc,4.351805147,3.749192729,1.263480975,47,43,144,136,203,209,11,7,1.93,2.1,1.30447,0.636,7.5762,7.28
AgRu,4.483078545,4.203007839,1.643865915,47,44,144,134,203,207,11,8,1.93,2.2,1.30447,1.04627,7.5762,7.3605
AgRh,4.56182373,4.246068019,1.572757453,47,45,144,134,203,195,11,9,1.93,2.28,1.30447,1.14289,7.5762,7.4589
AgPd,4.373287757,4.064001065,1.540292875,47,46,144,137,203,202,11,10,1.93,2.2,1.30447,0.56214,7.5762,8.3369
AgAg,4.301847672,3.694476267,1.352998163,47,47,144,144,203,203,11,11,1.93,1.93,1.30447,1.30447,7.5762,7.5762
AgCd,-3.54784821,2.916846698,0.552408557,47,48,144,148.9,203,230,11,12,1.93,1.69,1.30447,-0.7,7.5762,8.9938
AgIn,-4.971845047,2.121338026,-1.456864846,47,49,144,167,203,236,11,13,1.93,1.78,1.30447,0.38392,7.5762,5.7864
AgSn,-4.553794962,2.160578551,-2.100444084,47,50,144,151,203,233,11,14,1.93,1.96,1.30447,1.11207,7.5762,7.3439
AgW,4.335258393,3.736179183,1.026882233,47,74,144,139,203,210,11,6,1.93,1.7,1.30447,0.8165,7.5762,7.864
AgRe,4.220092707,3.880049344,1.273049236,47,75,144,137,203,217,11,7,1.93,1.9,1.30447,0.060396,7.5762,7.8335
AgOs,4.351366105,4.360737984,1.581297837,47,76,144,135,203,216,11,8,1.93,2.2,1.30447,1.077661,7.5762,8.4382
AgIr,4.522066692,4.260836674,1.662820722,47,77,144,135.5,203,202,11,9,1.93,2.2,1.30447,1.564057,7.5762,8.967
AgPt,4.248719395,4.090030752,1.552056806,47,78,144,138.5,203,209,11,10,1.93,2.2,1.30447,2.1251,7.5762,8.9588
AgAu,4.103134489,3.769544561,1.223842697,47,79,144,144,203,217,11,11,1.93,2.4,1.30447,2.30861,7.5762,9.2255
AgBi,-4.570341716,2.15217685,-2.100444084,47,83,144,154.7,203,243,11,15,1.93,1.9,1.30447,0.942362,7.5762,7.2855
CdTi,-4.5548263,0.169891031,-2.261770755,48,22,148.9,147,230,187,12,4,1.69,1.54,-0.7,0.07554,8.9938,6.8281
CdV,-0.354939842,0.90088131,-1.469198139,48,23,148.9,134,230,179,12,5,1.69,1.63,-0.7,0.52766,8.9938,6.7462
CdCr,1.996096394,1.130541586,-1.224114744,48,24,148.9,128,230,189,12,6,1.69,1.66,-0.7,0.675928,8.9938,6.7665
CdMn,1.996096394,1.085545103,-1.159566657,48,25,148.9,127,230,197,12,7,1.69,1.55,-0.7,-0.5,8.9938,7.434
CdFe,2.120650106,1.568314972,-0.936015851,48,26,148.9,126,230,194,12,8,1.69,1.83,-0.7,0.153236,8.9938,7.9024
CdCo,2.120650106,1.501280029,-0.999228802,48,27,148.9,125,230,192,12,9,1.69,1.88,-0.7,0.662255,8.9938,7.881
CdNi,2.157103545,0.785740228,-1.235951777,48,28,148.9,124,230,184,12,10,1.69,1.91,-0.7,1.157368,8.9938,7.6399
CdCu,2.211530693,0.887967306,-1.094470126,48,29,148.9,128,230,186,12,11,1.69,1.9,-0.7,1.23578,8.9938,7.7264
CdZn,2.336763719,1.622939477,-1.123496455,48,30,148.9,134,230,210,12,12,1.69,1.65,-0.7,-0.6,8.9938,9.3942
CdZr,-4.842694657,-0.890301166,-3.434533859,48,40,148.9,160,230,186,12,4,1.69,1.33,-0.7,0.433283,8.9938,6.6339
CdNb,-4.881662483,0.567510944,-2.430146721,48,41,148.9,146,230,207,12,5,1.69,1.6,-0.7,0.9174,8.9938,6.7589
CdMo,2.052027407,0.948742301,-1.633805333,48,42,148.9,139,230,209,12,6,1.69,2.16,-0.7,0.74723,8.9938,7.0924
CdTc,2.039792439,1.0288594,-1.50608543,48,43,148.9,136,230,209,12,7,1.69,2.1,-0.7,0.636,8.9938,7.28
CdRu,2.160201642,1.268714971,-1.12570049,48,44,148.9,134,230,207,12,8,1.69,2.2,-0.7,1.04627,8.9938,7.3605
CdRh,2.176201982,1.254836959,-1.196808952,48,45,148.9,134,230,195,12,9,1.69,2.28,-0.7,1.14289,8.9938,7.4589
CdPd,2.179481929,1.759291683,-1.22927353,48,46,148.9,137,230,202,12,10,1.69,2.2,-0.7,0.56214,8.9938,8.3369
CdAg,2.069817552,1.019945971,-1.416568241,48,47,148.9,144,230,203,12,11,1.69,1.93,-0.7,1.30447,8.9938,7.5762
CdCd,-3.821041155,0.709281627,-2.217157848,48,48,148.9,148.9,230,230,12,12,1.69,1.69,-0.7,-0.7,8.9938,8.9938
CdIn,-5.189659658,-0.728755729,-4.226431251,48,49,148.9,167,230,236,12,13,1.69,1.78,-0.7,0.38392,8.9938,5.7864
CdSn,-4.838979976,-0.760811648,-4.870010489,48,50,148.9,151,230,233,12,14,1.69,1.96,-0.7,1.11207,8.9938,7.3439
CdW,2.016613248,0.828410758,-1.742684172,48,74,148.9,139,230,210,12,6,1.69,1.7,-0.7,0.8165,8.9938,7.864
CdRe,1.700005356,0.911136622,-1.496517169,48,75,148.9,137,230,217,12,7,1.69,1.9,-0.7,0.060396,8.9938,7.8335
CdOs,1.820414558,1.402324125,-1.188268568,48,76,148.9,135,230,216,12,8,1.69,2.2,-0.7,1.077661,8.9938,8.4382
CdIr,2.17924051,1.614225861,-1.106745683,48,77,148.9,135.5,230,202,12,9,1.69,2.2,-0.7,1.564057,8.9938,8.967
CdPt,2.110984636,1.785482589,-1.217509599,48,78,148.9,138.5,230,209,12,10,1.69,2.2,-0.7,2.1251,8.9938,8.9588
CdAu,1.650921953,1.227984277,-1.545723708,48,79,148.9,144,230,217,12,11,1.69,2.4,-0.7,2.30861,8.9938,9.2255
CdBi,-4.886420725,-0.781494789,-4.870010489,48,83,148.9,154.7,230,243,12,15,1.69,1.9,-0.7,0.942362,8.9938,7.2855
InTi,-5.486556941,-3.496502947,-3.889411336,49,22,167,147,236,187,13,4,1.78,1.54,0.38392,0.07554,5.7864,6.8281
InV,-1.075054467,-2.004845385,-3.096838721,49,23,167,134,236,179,13,5,1.78,1.63,0.38392,0.52766,5.7864,6.7462
InCr,0.855126715,-1.396003489,-2.851755326,49,24,167,128,236,189,13,6,1.78,1.66,0.38392,0.675928,5.7864,6.7665
InMn,0.8940815,-1.286324965,-2.787207239,49,25,167,127,236,197,13,7,1.78,1.55,0.38392,-0.5,5.7864,7.434
InFe,1.005420158,-0.724303204,-2.563656433,49,26,167,126,236,194,13,8,1.78,1.83,0.38392,0.153236,5.7864,7.9024
InCo,1.048063619,-0.712127551,-2.626869383,49,27,167,125,236,192,13,9,1.78,1.88,0.38392,0.662255,5.7864,7.881
InNi,1.108778614,-1.955047686,-2.863592359,49,28,167,124,236,184,13,10,1.78,1.91,0.38392,1.157368,5.7864,7.6399
InCu,1.113204476,-1.842521873,-2.722110708,49,29,167,128,236,186,13,11,1.78,1.9,0.38392,1.23578,5.7864,7.7264
InZn,1.176638885,-0.434361538,-2.751137037,49,30,167,134,236,210,13,12,1.78,1.65,0.38392,-0.6,5.7864,9.3942
InZr,-6.689327495,-5.218134254,-5.062174441,49,40,167,160,236,186,13,4,1.78,1.33,0.38392,0.433283,5.7864,6.6339
InNb,-6.770240307,-2.685552389,-4.057787302,49,41,167,146,236,207,13,5,1.78,1.6,0.38392,0.9174,5.7864,6.7589
InMo,1.12622045,-1.804324036,-3.261445915,49,42,167,139,236,209,13,6,1.78,2.16,0.38392,0.74723,5.7864,7.0924
InTc,1.113985482,-1.203486913,-3.133726011,49,43,167,136,236,209,13,7,1.78,2.1,0.38392,0.636,5.7864,7.28
InRu,0.948317312,-1.046564808,-2.753341072,49,44,167,134,236,207,13,8,1.78,2.2,0.38392,1.04627,5.7864,7.3605
InRh,1.044498174,-1.055819595,-2.824449534,49,45,167,134,236,195,13,9,1.78,2.28,0.38392,1.14289,5.7864,7.4589
InPd,1.309593937,-0.15980119,-2.856914111,49,46,167,137,236,202,13,10,1.78,2.2,0.38392,0.56214,5.7864,8.3369
InAg,1.270039288,-1.889780521,-3.044208823,49,47,167,144,236,203,13,11,1.78,1.93,0.38392,1.30447,5.7864,7.5762
InCd,-4.334066679,-2.015326327,-3.84479843,49,48,167,148.9,236,230,13,12,1.78,1.69,0.38392,-0.7,5.7864,8.9938
InIn,-6.425109141,-4.245871746,-5.854071832,49,49,167,167,236,236,13,13,1.78,1.78,0.38392,0.38392,5.7864,5.7864
InSn,-5.528280949,-4.133504634,-6.497651071,49,50,167,151,236,233,13,14,1.78,1.96,0.38392,1.11207,5.7864,7.3439
InW,1.066544734,-1.715758198,-3.370324754,49,74,167,139,236,210,13,6,1.78,1.7,0.38392,0.8165,5.7864,7.864
InRe,0.748371906,-1.117108015,-3.12415775,49,75,167,137,236,217,13,7,1.78,1.9,0.38392,0.060396,5.7864,7.8335
InOs,0.582703736,-0.44212589,-2.815909149,49,76,167,135,236,216,13,8,1.78,2.2,0.38392,1.077661,5.7864,8.4382
InIr,0.902896567,-0.392778917,-2.734386264,49,77,167,135.5,236,202,13,9,1.78,2.2,0.38392,1.564057,5.7864,8.967
InPt,0.945132692,-0.56531249,-2.845150181,49,78,167,138.5,236,209,13,10,1.78,2.2,0.38392,2.1251,5.7864,8.9588
InAu,0.566890306,-1.151932423,-3.17336429,49,79,167,144,236,217,13,11,1.78,2.4,0.38392,2.30861,5.7864,9.2255
InBi,-5.696100275,-4.154187775,-6.497651071,49,83,167,154.7,236,243,13,15,1.78,1.9,0.38392,0.942362,5.7864,7.2855
SnTi,-4.93157204,-4.12274138,-3.192287111,50,22,151,147,233,187,14,4,1.96,1.54,1.11207,0.07554,7.3439,6.8281
SnV,-0.915188818,-2.411157742,-2.399714495,50,23,151,134,233,179,14,5,1.96,1.63,1.11207,0.52766,7.3439,6.7462
SnCr,1.403287953,-1.759849824,-2.154631101,50,24,151,128,233,189,14,6,1.96,1.66,1.11207,0.675928,7.3439,6.7665
SnMn,1.458001116,-1.646170911,-2.090083013,50,25,151,127,233,197,14,7,1.96,1.55,1.11207,-0.5,7.3439,7.434
SnFe,1.499462859,-0.989872972,-1.866532208,50,26,151,126,233,194,14,8,1.96,1.83,1.11207,0.153236,7.3439,7.9024
SnCo,1.499462859,-0.909765975,-1.929745158,50,27,151,125,233,192,14,9,1.96,1.88,1.11207,0.662255,7.3439,7.881
SnNi,1.560177855,-2.304812812,-2.166468133,50,28,151,124,233,184,14,10,1.96,1.91,1.11207,1.157368,7.3439,7.6399
SnCu,1.531650458,-2.218782323,-2.024986482,50,29,151,128,233,186,14,11,1.96,1.9,1.11207,1.23578,7.3439,7.7264
SnZn,1.595084867,-1.300252349,-2.054012812,50,30,151,134,233,210,14,12,1.96,1.65,1.11207,-0.6,7.3439,9.3942
SnZr,-5.18043862,-5.956131545,-4.365050215,50,40,151,160,233,186,14,4,1.96,1.33,1.11207,0.433283,7.3439,6.6339
SnNb,-5.235221327,-3.22213614,-3.360663077,50,41,151,146,233,207,14,5,1.96,1.6,1.11207,0.9174,7.3439,6.7589
SnMo,1.421681907,-2.307531883,-2.564321689,50,42,151,139,233,209,14,6,1.96,2.16,1.11207,0.74723,7.3439,7.0924
SnTc,1.409446939,-1.685918817,-2.436601786,50,43,151,136,233,209,14,7,1.96,2.1,1.11207,0.636,7.3439,7.28
SnRu,1.469966229,-1.366345961,-2.056216847,50,44,151,134,233,207,14,8,1.96,2.2,1.11207,1.04627,7.3439,7.3605
SnRh,1.52350363,-1.455531274,-2.127325308,50,45,151,134,233,195,14,9,1.96,2.28,1.11207,1.14289,7.3439,7.4589
SnPd,1.50252202,-0.616562517,-2.159789886,50,46,151,137,233,202,14,10,1.96,2.2,1.11207,0.56214,7.3439,8.3369
SnAg,1.413539368,-2.47507253,-2.347084598,50,47,151,144,233,203,14,11,1.96,1.93,1.11207,1.30447,7.3439,7.5762
SnCd,-4.36398062,-2.968934605,-3.147674204,50,48,151,148.9,233,230,14,12,1.96,1.69,1.11207,-0.7,7.3439,8.9938
SnIn,-5.658554581,-5.08850184,-5.156947607,50,49,151,167,233,236,14,13,1.96,1.78,1.11207,0.38392,7.3439,5.7864
SnSn,-5.381919441,-4.876420733,-5.800526846,50,50,151,151,233,233,14,14,1.96,1.96,1.11207,1.11207,7.3439,7.3439
SnW,1.36200619,-2.212748077,-2.673200528,50,74,151,139,233,210,14,6,1.96,1.7,1.11207,0.8165,7.3439,7.864
SnRe,1.043833362,-1.673609392,-2.427033525,50,75,151,137,233,217,14,7,1.96,1.9,1.11207,0.060396,7.3439,7.8335
SnOs,1.104352653,-0.655582979,-2.118784924,50,76,151,135,233,216,14,8,1.96,2.2,1.11207,1.077661,7.3439,8.4382
SnIr,1.33247402,-0.69336193,-2.037262039,50,77,151,135.5,233,202,14,9,1.96,2.2,1.11207,1.564057,7.3439,8.967
SnPt,1.088632772,-1.010206242,-2.148025956,50,78,151,138.5,233,209,14,10,1.96,2.2,1.11207,2.1251,7.3439,8.9588
SnAu,0.629721473,-1.776589594,-2.476240064,50,79,151,144,233,217,14,11,1.96,2.4,1.11207,2.30861,7.3439,9.2255
SnBi,-5.549738768,-4.884822434,-5.800526846,50,83,151,154.7,233,243,14,15,1.96,1.9,1.11207,0.942362,7.3439,7.2855
WTi,-4.715607927,-3.169126669,-2.47752428,74,22,139,147,210,187,6,4,1.7,1.54,0.8165,0.07554,7.864,6.8281
WV,-3.537300417,-2.058058653,-1.684951665,74,23,139,134,210,179,6,5,1.7,1.63,0.8165,0.52766,7.864,6.7462
WCr,-1.477070686,-2.013957704,-1.43986827,74,24,139,128,210,189,6,6,1.7,1.66,0.8165,0.675928,7.864,6.7665
WMn,-1.410797674,-2.051861568,-1.375320183,74,25,139,127,210,197,6,7,1.7,1.55,0.8165,-0.5,7.864,7.434
WFe,-1.372934113,-1.754669669,-1.151769377,74,26,139,126,210,194,6,8,1.7,1.83,0.8165,0.153236,7.864,7.9024
WCo,-1.384493962,-1.821304564,-1.214982327,74,27,139,125,210,192,6,9,1.7,1.88,0.8165,0.662255,7.864,7.881
WNi,-1.553000042,-2.440784946,-1.451705303,74,28,139,124,210,184,6,10,1.7,1.91,0.8165,1.157368,7.864,7.6399
WCu,-1.630605284,-2.308023214,-1.310223652,74,29,139,128,210,186,6,11,1.7,1.9,0.8165,1.23578,7.864,7.7264
WZn,-1.905889186,-2.201049175,-1.339249981,74,30,139,134,210,210,6,12,1.7,1.65,0.8165,-0.6,7.864,9.3942
WZr,-5.014345306,-3.511272895,-3.650287385,74,40,139,160,210,186,6,4,1.7,1.33,0.8165,0.433283,7.864,6.6339
WNb,-5.08063136,-3.04472788,-2.645900247,74,41,139,146,210,207,6,5,1.7,1.6,0.8165,0.9174,7.864,6.7589
WMo,-1.55758806,-2.375768715,-1.849558859,74,42,139,139,210,209,6,6,1.7,2.16,0.8165,0.74723,7.864,7.0924
WTc,-1.845611043,-2.305042159,-1.721838955,74,43,139,136,210,209,6,7,1.7,2.1,0.8165,0.636,7.864,7.28
WRu,-1.216107475,-1.813754409,-1.341454016,74,44,139,134,210,207,6,8,1.7,2.2,0.8165,1.04627,7.864,7.3605
WRh,-1.162570075,-1.813375231,-1.412562478,74,45,139,134,210,195,6,9,1.7,2.28,0.8165,1.14289,7.864,7.4589
WPd,-1.412772761,-1.769669401,-1.445027055,74,46,139,137,210,202,6,10,1.7,2.2,0.8165,0.56214,7.864,8.3369
WAg,-1.789049573,-2.384536424,-1.632321767,74,47,139,144,210,203,6,11,1.7,1.93,0.8165,1.30447,7.864,7.5762
WCd,-4.33108277,-3.040636946,-2.432911374,74,48,139,148.9,210,230,6,12,1.7,1.69,0.8165,-0.7,7.864,8.9938
WIn,-5.56452125,-3.536418292,-4.442184776,74,49,139,167,210,236,6,13,1.7,1.78,0.8165,0.38392,7.864,5.7864
WSn,-5.433533046,-3.596343781,-5.085764015,74,50,139,151,210,233,6,14,1.7,1.96,0.8165,1.11207,7.864,7.3439
WW,-1.845611043,-2.408371056,-1.958437698,74,74,139,139,210,210,6,6,1.7,1.7,0.8165,0.8165,7.864,7.864
WRe,-1.834051194,-2.16473302,-1.712270695,74,75,139,137,210,217,6,7,1.7,1.9,0.8165,0.060396,7.864,7.8335
WOs,-1.449413826,-1.650128975,-1.404022093,74,76,139,135,210,216,6,8,1.7,2.2,0.8165,1.077661,7.864,8.4382
WIr,-1.306158935,-1.680486026,-1.322499208,74,77,139,135.5,210,202,6,9,1.7,2.2,0.8165,1.564057,7.864,8.967
WPt,-1.979838504,-1.743085102,-1.433263125,74,78,139,138.5,210,209,6,10,1.7,2.2,0.8165,2.1251,7.864,8.9588
WAu,-2.049163971,-2.221114821,-1.761477234,74,79,139,144,210,217,6,11,1.7,2.4,0.8165,2.30861,7.864,9.2255
WBi,-5.553911623,-3.609589586,-5.085764015,74,83,139,154.7,210,243,6,15,1.7,1.9,0.8165,0.942362,7.864,7.2855
ReTi,-4.454321635,-1.949719246,-1.369929929,75,22,137,147,217,187,7,4,1.9,1.54,0.060396,0.07554,7.8335,6.8281
ReV,-2.039970404,-0.897633072,-0.577357313,75,23,137,134,217,179,7,5,1.9,1.63,0.060396,0.52766,7.8335,6.7462
ReCr,1.051157045,-0.853532122,-0.332273918,75,24,137,128,217,189,7,6,1.9,1.66,0.060396,0.675928,7.8335,6.7665
ReMn,1.101671679,-0.880383371,-0.267725831,75,25,137,127,217,197,7,7,1.9,1.55,0.060396,-0.5,7.8335,7.434
ReFe,1.100904042,-0.487829316,-0.044175025,75,26,137,126,217,194,7,8,1.9,1.83,0.060396,0.153236,7.8335,7.9024
ReCo,1.089344192,-0.545651701,-0.107387976,75,27,137,125,217,192,7,9,1.9,1.88,0.060396,0.662255,7.8335,7.881
ReNi,0.920838112,-1.083636842,-0.344110951,75,28,137,124,217,184,7,10,1.9,1.91,0.060396,1.157368,7.8335,7.6399
ReCu,0.924804329,-0.958461985,-0.2026293,75,29,137,128,217,186,7,11,1.9,1.9,0.060396,1.23578,7.8335,7.7264
ReZn,0.882826778,-0.703134927,-0.231655629,75,30,137,134,217,210,7,12,1.9,1.65,0.060396,-0.6,7.8335,9.3942
ReZr,-4.753756974,-2.213415034,-2.542693033,75,40,137,160,217,186,7,4,1.9,1.33,0.060396,0.433283,7.8335,6.6339
ReNb,-4.804284649,-1.764059053,-1.538305895,75,41,137,146,217,207,7,5,1.9,1.6,0.060396,0.9174,7.8335,6.7589
ReMo,0.928158006,-1.142453968,-0.741964507,75,42,137,139,217,209,7,6,1.9,2.16,0.060396,0.74723,7.8335,7.0924
ReTc,0.915923038,-1.05000611,-0.614244604,75,43,137,136,217,209,7,7,1.9,2.1,0.060396,0.636,7.8335,7.28
ReRu,1.036332241,-0.739989914,-0.233859664,75,44,137,134,217,207,7,8,1.9,2.2,0.060396,1.04627,7.8335,7.3605
ReRh,1.089869642,-0.734327124,-0.304968126,75,45,137,134,217,195,7,9,1.9,2.28,0.060396,1.14289,7.8335,7.4589
RePd,0.839666956,-0.506940934,-0.337432703,75,46,137,137,217,202,7,10,1.9,2.2,0.060396,0.56214,7.8335,8.3369
ReAg,0.740525382,-1.001564066,-0.524727415,75,47,137,144,217,203,7,11,1.9,1.93,0.060396,1.30447,7.8335,7.5762
ReCd,-3.793549866,-1.446684291,-1.325317022,75,48,137,148.9,217,230,7,12,1.9,1.69,0.060396,-0.7,7.8335,8.9938
ReIn,-5.025192012,-2.127296423,-3.334590425,75,49,137,167,217,236,7,13,1.9,1.78,0.060396,0.38392,7.8335,5.7864
ReSn,-4.699186477,-2.187221912,-3.978169663,75,50,137,151,217,233,7,14,1.9,1.96,0.060396,1.11207,7.8335,7.3439
ReW,0.915923038,-1.140886172,-0.850843346,75,74,137,139,217,210,7,6,1.9,1.7,0.060396,0.8165,7.8335,7.864
ReRe,0.927482888,-0.897248136,-0.604676343,75,75,137,137,217,217,7,7,1.9,1.9,0.060396,0.060396,7.8335,7.8335
ReOs,1.036332241,-0.494696982,-0.296427742,75,76,137,135,217,216,7,8,1.9,2.2,0.060396,1.077661,7.8335,8.4382
ReIr,0.947628006,-0.498076964,-0.214904857,75,77,137,135.5,217,202,7,9,1.9,2.2,0.060396,1.564057,7.8335,8.967
RePt,0.474565682,-0.462422196,-0.325668773,75,78,137,138.5,217,209,7,10,1.9,2.2,0.060396,2.1251,7.8335,8.9588
ReAu,0.495766662,-0.90753122,-0.653882882,75,79,137,144,217,217,7,11,1.9,2.4,0.060396,2.30861,7.8335,9.2255
ReBi,-4.819565054,-2.200467717,-3.978169663,75,83,137,154.7,217,243,7,15,1.9,1.9,0.060396,0.942362,7.8335,7.2855
OsTi,-3.715395752,0.387384998,-0.329991965,76,22,135,147,216,187,8,4,2.2,1.54,1.077661,0.07554,8.4382,6.8281
OsV,0.794955436,1.175886264,0.462580651,76,23,135,134,216,179,8,5,2.2,1.63,1.077661,0.52766,8.4382,6.7462
OsCr,3.930709018,1.286821302,0.707664045,76,24,135,128,216,189,8,6,2.2,1.66,1.077661,0.675928,8.4382,6.7665
OsMn,3.958027245,1.492179098,0.772212133,76,25,135,127,216,197,8,7,2.2,1.55,1.077661,-0.5,8.4382,7.434
OsFe,3.984616001,1.556272041,0.995762938,76,26,135,126,216,194,8,8,2.2,1.83,1.077661,0.153236,8.4382,7.9024
OsCo,3.973056151,1.50586957,0.932549988,76,27,135,125,216,192,8,9,2.2,1.88,1.077661,0.662255,8.4382,7.881
OsNi,3.887798082,0.903403583,0.695827013,76,28,135,124,216,184,8,10,2.2,1.91,1.077661,1.157368,8.4382,7.6399
OsCu,3.824794076,0.829116251,0.837308664,76,29,135,128,216,186,8,11,2.2,1.9,1.077661,1.23578,8.4382,7.7264
OsZn,3.763440579,0.361514861,0.808282334,76,30,135,134,216,210,8,12,2.2,1.65,1.077661,-0.6,8.4382,9.3942
OsZr,-4.047901608,0.138270463,-1.50275507,76,40,135,160,216,186,8,4,2.2,1.33,1.077661,0.433283,8.4382,6.6339
OsNb,-4.100546908,0.413365935,-0.498367931,76,41,135,146,216,207,8,5,2.2,1.6,1.077661,0.9174,8.4382,6.7589
OsMo,3.764072477,0.829374566,0.297973457,76,42,135,139,216,209,8,6,2.2,2.16,1.077661,0.74723,8.4382,7.0924
OsTc,3.751837509,0.945062543,0.42569336,76,43,135,136,216,209,8,7,2.2,2.1,1.077661,0.636,8.4382,7.28
OsRu,3.812356799,1.311322437,0.806078299,76,44,135,134,216,207,8,8,2.2,2.2,1.077661,1.04627,8.4382,7.3605
OsRh,3.909531703,1.276464122,0.734969838,76,45,135,134,216,195,8,9,2.2,2.28,1.077661,1.14289,8.4382,7.4589
OsPd,3.791100142,0.931339287,0.70250526,76,46,135,137,216,202,8,10,2.2,2.2,1.077661,0.56214,8.4382,8.3369
OsAg,3.539327052,0.664567676,0.515210548,76,47,135,144,216,203,8,11,2.2,1.93,1.077661,1.30447,8.4382,7.5762
OsCd,-3.454929469,-0.06740232,-0.285379058,76,48,135,148.9,216,230,8,12,2.2,1.69,1.077661,-0.7,8.4382,8.9938
OsIn,-4.382531192,-0.251840344,-2.294652461,76,49,135,167,216,236,8,13,2.2,1.78,1.077661,0.38392,8.4382,5.7864
OsSn,-4.06148048,-0.260414993,-2.9382317,76,50,135,151,216,233,8,14,2.2,1.96,1.077661,1.11207,8.4382,7.3439
OsW,3.776099066,0.837709408,0.189094617,76,74,135,139,216,210,8,6,2.2,1.7,1.077661,0.8165,8.4382,7.864
OsRe,3.701135579,1.045428104,0.435261621,76,75,135,137,216,217,8,7,2.2,1.9,1.077661,0.060396,8.4382,7.8335
OsOs,3.75009502,1.36212566,0.743510222,76,76,135,135,216,216,8,8,2.2,2.2,1.077661,1.077661,8.4382,8.4382
OsIr,3.910582977,1.247265986,0.825033107,76,77,135,135.5,216,202,8,9,2.2,2.2,1.077661,1.564057,8.4382,8.967
OsPt,3.501392718,0.978807929,0.71426919,76,78,135,138.5,216,209,8,10,2.2,2.2,1.077661,2.1251,8.4382,8.9588
OsAu,3.272016217,0.365236219,0.386055082,76,79,135,144,216,217,8,11,2.2,2.4,1.077661,2.30861,8.4382,9.2255
OsBi,-4.06148048,-0.304896684,-2.9382317,76,83,135,154.7,216,243,8,15,2.2,1.9,1.077661,0.942362,8.4382,7.2855
IrTi,-4.106357432,2.198201181,0.501574161,77,22,135.5,147,202,187,9,4,2.2,1.54,1.564057,0.07554,8.967,6.8281
IrV,1.908318055,2.967385085,1.294146777,77,23,135.5,134,202,179,9,5,2.2,1.63,1.564057,0.52766,8.967,6.7462
IrCr,4.70056265,3.008151144,1.539230171,77,24,135.5,128,202,189,9,6,2.2,1.66,1.564057,0.675928,8.967,6.7665
IrMn,4.727880877,3.084804357,1.603778259,77,25,135.5,127,202,197,9,7,2.2,1.55,1.564057,-0.5,8.967,7.434
IrFe,4.754469632,3.234959322,1.827329064,77,26,135.5,126,202,194,9,8,2.2,1.83,1.564057,0.153236,8.967,7.9024
IrCo,4.742909783,3.20005432,1.764116114,77,27,135.5,125,202,192,9,9,2.2,1.88,1.564057,0.662255,8.967,7.881
IrNi,4.321120403,2.772753015,1.527393139,77,28,135.5,124,202,184,9,10,2.2,1.91,1.564057,1.157368,8.967,7.6399
IrCu,4.258116397,2.674208523,1.66887479,77,29,135.5,128,202,186,9,11,2.2,1.9,1.564057,1.23578,8.967,7.7264
IrZn,4.1967629,1.799850252,1.63984846,77,30,135.5,134,202,210,9,12,2.2,1.65,1.564057,-0.6,8.967,9.3942
IrZr,-4.504474705,2.014924482,-0.671188944,77,40,135.5,160,202,186,9,4,2.2,1.33,1.564057,0.433283,8.967,6.6339
IrNb,-4.557120005,2.237172537,0.333198195,77,41,135.5,146,202,207,9,5,2.2,1.6,1.564057,0.9174,8.967,6.7589
IrMo,4.463172001,2.305488054,1.129539583,77,42,135.5,139,202,209,9,6,2.2,2.16,1.564057,0.74723,8.967,7.0924
IrTc,4.450937033,2.453725286,1.257259486,77,43,135.5,136,202,209,9,7,2.2,2.1,1.564057,0.636,8.967,7.28
IrRu,4.582210431,2.987815817,1.637644425,77,44,135.5,134,202,207,9,8,2.2,2.2,1.564057,1.04627,8.967,7.3605
IrRh,4.679385334,2.978849376,1.566535964,77,45,135.5,134,202,195,9,9,2.2,2.28,1.564057,1.14289,8.967,7.4589
IrPd,4.153668356,2.457337313,1.534071386,77,46,135.5,137,202,202,9,10,2.2,2.2,1.564057,0.56214,8.967,8.3369
IrAg,3.901895266,2.083893287,1.346776674,77,47,135.5,144,202,203,9,11,2.2,1.93,1.564057,1.30447,8.967,7.5762
IrCd,-3.88333686,1.440269214,0.546187068,77,48,135.5,148.9,202,230,9,12,2.2,1.69,1.564057,-0.7,8.967,8.9938
IrIn,-5.110024183,1.246360377,-1.463086335,77,49,135.5,167,202,236,9,13,2.2,1.78,1.564057,0.38392,8.967,5.7864
IrSn,-4.788973471,1.253283196,-2.106665574,77,50,135.5,151,202,233,9,14,2.2,1.96,1.564057,1.11207,8.967,7.3439
IrW,4.47519859,2.24280582,1.020660743,77,74,135.5,139,202,210,9,6,2.2,1.7,1.564057,0.8165,8.967,7.864
IrRe,4.400235103,2.329726528,1.266827747,77,75,135.5,137,202,217,9,7,2.2,1.9,1.564057,0.060396,8.967,7.8335
IrOs,4.519948652,2.837952695,1.575076348,77,76,135.5,135,202,216,9,8,2.2,2.2,1.564057,1.077661,8.967,8.4382
IrIr,4.680436608,2.931916729,1.656599233,77,77,135.5,135.5,202,202,9,9,2.2,2.2,1.564057,1.564057,8.967,8.967
IrPt,3.863960932,2.453749917,1.545835316,77,78,135.5,138.5,202,209,9,10,2.2,2.2,1.564057,2.1251,8.967,8.9588
IrAu,3.634584431,1.580585495,1.217621208,77,79,135.5,144,202,217,9,11,2.2,2.4,1.564057,2.30861,8.967,9.2255
IrBi,-4.788973471,1.208801505,-2.106665574,77,83,135.5,154.7,202,243,9,15,2.2,1.9,1.564057,0.942362,8.967,7.2855
PtTi,-4.158408343,3.132584023,0.86927723,78,22,138.5,147,209,187,10,4,2.2,1.54,2.1251,0.07554,8.9588,6.8281
PtV,1.81658006,3.977789084,1.661849846,78,23,138.5,134,209,179,10,5,2.2,1.63,2.1251,0.52766,8.9588,6.7462
PtCr,4.565613618,4.023946425,1.906933241,78,24,138.5,128,209,189,10,6,2.2,1.66,2.1251,0.675928,8.9588,6.7665
PtMn,4.627599783,3.902310545,1.971481328,78,25,138.5,127,209,197,10,7,2.2,1.55,2.1251,-0.5,8.9588,7.434
PtFe,4.736069104,4.12407457,2.195032134,78,26,138.5,126,209,194,10,8,2.2,1.83,2.1251,0.153236,8.9588,7.9024
PtCo,4.761276889,4.140343478,2.131819183,78,27,138.5,125,209,192,10,9,2.2,1.88,2.1251,0.662255,8.9588,7.881
PtNi,4.720313701,3.685744935,1.895096208,78,28,138.5,124,209,184,10,10,2.2,1.91,2.1251,1.157368,8.9588,7.6399
PtCu,4.650937093,3.738864876,2.036577859,78,29,138.5,128,209,186,10,11,2.2,1.9,2.1251,1.23578,8.9588,7.7264
PtZn,4.624251534,3.310531293,2.00755153,78,30,138.5,134,209,210,10,12,2.2,1.65,2.1251,-0.6,8.9588,9.3942
PtZr,-4.638098154,2.917339167,-0.303485874,78,40,138.5,160,209,186,10,4,2.2,1.33,2.1251,0.433283,8.9588,6.6339
PtNb,-4.632955818,3.364152171,0.700901264,78,41,138.5,146,209,207,10,5,2.2,1.6,2.1251,0.9174,8.9588,6.7589
PtMo,4.767518838,3.540581855,1.497242652,78,42,138.5,139,209,209,10,6,2.2,2.16,2.1251,0.74723,8.9588,7.0924
PtTc,4.75528387,3.613783301,1.624962555,78,43,138.5,136,209,209,10,7,2.2,2.1,2.1251,0.636,8.9588,7.28
PtRu,4.557491004,4.080951867,2.005347495,78,44,138.5,134,209,207,10,8,2.2,2.2,2.1251,1.04627,8.9588,7.3605
PtRh,4.679873692,4.014228041,1.934239033,78,45,138.5,134,209,195,10,9,2.2,2.28,2.1251,1.14289,8.9588,7.4589
PtPd,4.910276956,3.838493745,1.901774456,78,46,138.5,137,209,202,10,10,2.2,2.2,2.1251,0.56214,8.9588,8.3369
PtAg,4.687552581,3.384361324,1.714479744,78,47,138.5,144,209,203,10,11,2.2,1.93,2.1251,1.30447,8.9588,7.5762
PtCd,-3.11430561,2.870539075,0.913890137,78,48,138.5,148.9,209,230,10,12,2.2,1.69,2.1251,-0.7,8.9588,8.9938
PtIn,-4.640736097,2.566063596,-1.095383266,78,49,138.5,167,209,236,10,13,2.2,1.78,2.1251,0.38392,8.9588,5.7864
PtSn,-4.120252361,2.628222407,-1.738962504,78,50,138.5,151,209,233,10,14,2.2,1.96,2.1251,1.11207,8.9588,7.3439
PtW,4.762998673,3.569517371,1.388363813,78,74,138.5,139,209,210,10,6,2.2,1.7,2.1251,0.8165,8.9588,7.864
PtRe,4.764563609,3.722168597,1.634530816,78,75,138.5,137,209,217,10,7,2.2,1.9,2.1251,0.060396,8.9588,7.8335
PtOs,4.566770743,4.318584798,1.942779418,78,76,138.5,135,209,216,10,8,2.2,2.2,2.1251,1.077661,8.9588,8.4382
PtIr,4.664378211,4.129814728,2.024302302,78,77,138.5,135.5,209,202,10,9,2.2,2.2,2.1251,1.564057,8.9588,8.967
PtPt,4.604022778,3.929710896,1.913538386,78,78,138.5,138.5,209,209,10,10,2.2,2.2,2.1251,2.1251,8.9588,8.9588
PtAu,4.491783263,3.63349813,1.585324277,78,79,138.5,144,209,217,10,11,2.2,2.4,2.1251,2.30861,8.9588,9.2255
PtBi,-4.136799115,2.631131795,-1.738962504,78,83,138.5,154.7,209,243,10,15,2.2,1.9,2.1251,0.942362,8.9588,7.2855
AuTi,-4.103845648,4.010622812,0.931127979,79,22,144,147,217,187,11,4,2.4,1.54,2.30861,0.07554,9.2255,6.8281
AuV,1.60208073,4.451883322,1.723700595,79,23,144,134,217,179,11,5,2.4,1.63,2.30861,0.52766,9.2255,6.7462
AuCr,4.351114288,4.567527599,1.96878399,79,24,144,128,217,189,11,6,2.4,1.66,2.30861,0.675928,9.2255,6.7665
AuMn,4.413100453,4.462875798,2.033332077,79,25,144,127,217,197,11,7,2.4,1.55,2.30861,-0.5,9.2255,7.434
AuFe,4.521569774,4.750633718,2.256882883,79,26,144,126,217,194,11,8,2.4,1.83,2.30861,0.153236,9.2255,7.9024
AuCo,4.546777558,4.769836164,2.193669932,79,27,144,125,217,192,11,9,2.4,1.88,2.30861,0.662255,9.2255,7.881
AuNi,4.505814371,4.211818365,1.956946957,79,28,144,124,217,184,11,10,2.4,1.91,2.30861,1.157368,9.2255,7.6399
AuCu,4.417646997,4.290924151,2.098428608,79,29,144,128,217,186,11,11,2.4,1.9,2.30861,1.23578,9.2255,7.7264
AuZn,4.398900689,3.952652746,2.069402278,79,30,144,134,217,210,11,12,2.4,1.65,2.30861,-0.6,9.2255,9.3942
AuZr,-4.583535459,3.397204667,-0.241635125,79,40,144,160,217,186,11,4,2.4,1.33,2.30861,0.433283,9.2255,6.6339
AuNb,-4.559560791,4.264220651,0.762752013,79,41,144,146,217,207,11,5,2.4,1.6,2.30861,0.9174,9.2255,6.7589
AuMo,4.559616872,4.330925447,1.559093401,79,42,144,139,217,209,11,6,2.4,2.16,2.30861,0.74723,9.2255,7.0924
AuTc,4.559616872,4.209255162,1.686813304,79,43,144,136,217,209,11,7,2.4,2.1,2.30861,0.636,9.2255,7.28
AuRu,4.349589038,4.498656608,2.067198244,79,44,144,134,217,207,11,8,2.4,2.2,2.30861,1.04627,9.2255,7.3605
AuRh,4.453139393,4.467033127,1.996089782,79,45,144,134,217,195,11,9,2.4,2.28,2.30861,1.14289,9.2255,7.4589
AuPd,4.683542658,4.554849245,1.963625204,79,46,144,137,217,202,11,10,2.4,2.2,2.30861,0.56214,9.2255,8.3369
AuAg,4.443068021,4.355299246,1.776330492,79,47,144,144,217,203,11,11,2.4,1.93,2.30861,1.30447,9.2255,7.5762
AuCd,-3.140732734,3.569610732,0.975740886,79,48,144,148.9,217,230,11,12,2.4,1.69,2.30861,-0.7,9.2255,8.9938
AuIn,-4.667163221,2.891496307,-1.033532517,79,49,144,167,217,236,11,13,2.4,1.78,2.30861,0.38392,9.2255,5.7864
AuSn,-4.146679485,2.967757905,-1.677111755,79,50,144,151,217,233,11,14,2.4,1.96,2.30861,1.11207,9.2255,7.3439
AuW,4.567331675,4.397976405,1.450214562,79,74,144,139,217,210,11,6,2.4,1.7,2.30861,0.8165,9.2255,7.864
AuRe,4.498758307,4.087111206,1.696381565,79,75,144,137,217,217,11,7,2.4,1.9,2.30861,0.060396,9.2255,7.8335
AuOs,4.288730473,4.476832392,2.004630166,79,76,144,135,217,216,11,8,2.4,2.2,2.30861,1.077661,9.2255,8.4382
AuIr,4.465675413,4.506027627,2.086153051,79,77,144,135.5,217,202,11,9,2.4,2.2,2.30861,1.564057,9.2255,8.967
AuPt,4.593474549,4.474828701,1.975389135,79,78,144,138.5,217,209,11,10,2.4,2.2,2.30861,2.1251,9.2255,8.9588
AuAu,4.427308505,4.165067393,1.647175026,79,79,144,144,217,217,11,11,2.4,2.4,2.30861,2.30861,9.2255,9.2255
AuBi,-4.16322624,2.877604118,-1.677111755,79,83,144,154.7,217,243,11,15,2.4,1.9,2.30861,0.942362,9.2255,7.2855
BiTi,-4.925009664,-3.592649382,-2.971546419,83,22,154.7,147,243,187,15,4,1.9,1.54,0.942362,0.07554,7.2855,6.8281
BiV,-0.885700852,-2.141982132,-2.178973803,83,23,154.7,134,243,179,15,5,1.9,1.63,0.942362,0.52766,7.2855,6.7462
BiCr,1.54223078,-1.515375769,-1.933890408,83,24,154.7,128,243,189,15,6,1.9,1.66,0.942362,0.675928,7.2855,6.7665
BiMn,1.596943942,-1.379864583,-1.869342321,83,25,154.7,127,243,197,15,7,1.9,1.55,0.942362,-0.5,7.2855,7.434
BiFe,1.63263431,-0.765714885,-1.645791515,83,26,154.7,126,243,194,15,8,1.9,1.83,0.942362,0.153236,7.2855,7.9024
BiCo,1.63263431,-0.739932982,-1.709004466,83,27,154.7,125,243,192,15,9,1.9,1.88,0.942362,0.662255,7.2855,7.881
BiNi,1.693349306,-2.154369111,-1.945727441,83,28,154.7,124,243,184,15,10,1.9,1.91,0.942362,1.157368,7.2855,7.6399
BiCu,1.670593285,-2.055660203,-1.80424579,83,29,154.7,128,243,186,15,11,1.9,1.9,0.942362,1.23578,7.2855,7.7264
BiZn,1.734027694,-0.624453624,-1.833272119,83,30,154.7,134,243,210,15,12,1.9,1.65,0.942362,-0.6,7.2855,9.3942
BiZr,-5.173876243,-5.395857327,-4.144309523,83,40,154.7,160,243,186,15,4,1.9,1.33,0.942362,0.433283,7.2855,6.6339
BiNb,-5.22865895,-2.772864101,-3.139922385,83,41,154.7,146,243,207,15,5,1.9,1.6,0.942362,0.9174,7.2855,6.7589
BiMo,1.560624733,-1.830956281,-2.343580997,83,42,154.7,139,243,209,15,6,1.9,2.16,0.942362,0.74723,7.2855,7.0924
BiTc,1.548389765,-1.3799332,-2.215861094,83,43,154.7,136,243,209,15,7,1.9,2.1,0.942362,0.636,7.2855,7.28
BiRu,1.608909056,-1.186194359,-1.835476154,83,44,154.7,134,243,207,15,8,1.9,2.2,0.942362,1.04627,7.2855,7.3605
BiRh,1.662446456,-1.290220546,-1.906584616,83,45,154.7,134,243,195,15,9,1.9,2.28,0.942362,1.14289,7.2855,7.4589
BiPd,1.641464846,-0.336221377,-1.939049193,83,46,154.7,137,243,202,15,10,1.9,2.2,0.942362,0.56214,7.2855,8.3369
BiAg,1.513256231,-2.04579373,-2.126343905,83,47,154.7,144,243,203,15,11,1.9,1.93,0.942362,1.30447,7.2855,7.5762
BiCd,-4.357418243,-2.20666905,-2.926933512,83,48,154.7,148.9,243,230,15,12,1.9,1.69,0.942362,-0.7,7.2855,8.9938
BiIn,-5.651992204,-4.401074725,-4.936206915,83,49,154.7,167,243,236,15,13,1.9,1.78,0.942362,0.38392,7.2855,5.7864
BiSn,-5.375357065,-4.266446997,-5.579786153,83,50,154.7,151,243,233,15,14,1.9,1.96,0.942362,1.11207,7.2855,7.3439
BiW,1.500949016,-1.75476196,-2.452459836,83,74,154.7,139,243,210,15,6,1.9,1.7,0.942362,0.8165,7.2855,7.864
BiRe,1.182776189,-1.313881316,-2.206292833,83,75,154.7,137,243,217,15,7,1.9,1.9,0.942362,0.060396,7.2855,7.8335
BiOs,1.243295479,-0.473302685,-1.898044231,83,76,154.7,135,243,216,15,8,1.9,2.2,0.942362,1.077661,7.2855,8.4382
BiIr,1.471416847,-0.480067597,-1.816521347,83,77,154.7,135.5,243,202,15,9,1.9,2.2,0.942362,1.564057,7.2855,8.967
BiPt,1.260264705,-0.744988446,-1.927285263,83,78,154.7,138.5,243,209,15,10,1.9,2.2,0.942362,2.1251,7.2855,8.9588
BiAu,0.762127442,-1.2448705,-2.255499372,83,79,154.7,144,243,217,15,11,1.9,2.4,0.942362,2.30861,7.2855,9.2255
BiBi,-5.543176391,-4.276782227,-5.579786153,83,83,154.7,154.7,243,243,15,15,1.9,1.9,0.942362,0.942362,7.2855,7.2855
