dacs,0,Z_A,Z_B,r_A,r_B,R_A,R_B,N_A,N_B,EP_A,EP_B,EA_A,EA_B,IE_A,IE_B
TiTi,-50.670929727463644,22,22,147.0,147.0,187,187,4,4,1.54,1.54,0.07554,0.07554,6.8281,6.8281
TiV,-50.97047716927437,22,23,147.0,134.0,187,179,4,5,1.54,1.63,0.07554,0.52766,6.8281,6.7462
TiCr,-50.5607489483242,22,24,147.0,128.0,187,189,4,6,1.54,1.66,0.07554,0.675928,6.8281,6.7665
TiMn,-49.82425061155658,22,25,147.0,127.0,187,197,4,7,1.54,1.55,0.07554,-0.5,6.8281,7.434
TiFe,-50.48587419215588,22,26,147.0,126.0,187,194,4,8,1.54,1.83,0.07554,0.153236,6.8281,7.9024
TiCo,-50.51997356789696,22,27,147.0,125.0,187,192,4,9,1.54,1.88,0.07554,0.662255,6.8281,7.881
TiNi,-49.89603680765539,22,28,147.0,124.0,187,184,4,10,1.54,1.91,0.07554,1.157368,6.8281,7.6399
TiCu,-47.465820134690205,22,29,147.0,128.0,187,186,4,11,1.54,1.9,0.07554,1.23578,6.8281,7.7264
TiZn,-45.076793195385825,22,30,147.0,134.0,187,210,4,12,1.54,1.65,0.07554,-0.6,6.8281,9.3942
TiZr,-50.13686324404843,22,40,147.0,160.0,187,186,4,4,1.54,1.33,0.07554,0.433283,6.8281,6.6339
TiNb,-50.662936653340495,22,41,147.0,146.0,187,207,4,5,1.54,1.6,0.07554,0.9174,6.8281,6.7589
TiMo,-50.699582415437426,22,42,147.0,139.0,187,209,4,6,1.54,2.16,0.07554,0.74723,6.8281,7.0924
TiTc,-50.89950365802149,22,43,147.0,136.0,187,209,4,7,1.54,2.1,0.07554,0.636,6.8281,7.28
TiRu,-51.452443607559246,22,44,147.0,134.0,187,207,4,8,1.54,2.2,0.07554,1.04627,6.8281,7.3605
TiRh,-50.486639140694685,22,45,147.0,134.0,187,195,4,9,1.54,2.28,0.07554,1.14289,6.8281,7.4589
TiPd,-47.606752042237716,22,46,147.0,137.0,187,202,4,10,1.54,2.2,0.07554,0.56214,6.8281,8.3369
TiAg,-44.17559078281687,22,47,147.0,144.0,187,203,4,11,1.54,1.93,0.07554,1.30447,6.8281,7.5762
TiCd,-42.36165704080836,22,48,147.0,148.9,187,230,4,12,1.54,1.69,0.07554,-0.7,6.8281,8.9938
TiIn,-42.304787858625716,22,49,147.0,167.0,187,236,4,13,1.54,1.78,0.07554,0.38392,6.8281,5.7864
TiSn,-43.29097607781112,22,50,147.0,151.0,187,233,4,14,1.54,1.96,0.07554,1.11207,6.8281,7.3439
TiW,-51.93863087972292,22,74,147.0,139.0,187,210,4,6,1.54,1.7,0.07554,0.8165,6.8281,7.864
TiRe,-51.70810250813903,22,75,147.0,137.0,187,217,4,7,1.54,1.9,0.07554,0.060396,6.8281,7.8335
TiOs,-52.243584531174164,22,76,147.0,135.0,187,216,4,8,1.54,2.2,0.07554,1.077661,6.8281,8.4382
TiIr,-51.76956977365717,22,77,147.0,135.5,187,202,4,9,1.54,2.2,0.07554,1.564057,6.8281,8.967
TiPt,-49.5347498065208,22,78,147.0,138.5,187,209,4,10,1.54,2.2,0.07554,2.1251,6.8281,8.9588
TiAu,-45.25051844690964,22,79,147.0,144.0,187,217,4,11,1.54,2.4,0.07554,2.30861,6.8281,9.2255
TiBi,-44.19449625384479,22,83,147.0,154.7,187,243,4,15,1.54,1.9,0.07554,0.942362,6.8281,7.2855
VTi,-50.718839115800904,23,22,134.0,147.0,179,187,5,4,1.63,1.54,0.52766,0.07554,6.7462,6.8281
VV,-51.01838655761164,23,23,134.0,134.0,179,179,5,5,1.63,1.63,0.52766,0.52766,6.7462,6.7462
VCr,-50.60865833666149,23,24,134.0,128.0,179,189,5,6,1.63,1.66,0.52766,0.675928,6.7462,6.7665
VMn,-49.87215999989386,23,25,134.0,127.0,179,197,5,7,1.63,1.55,0.52766,-0.5,6.7462,7.434
VFe,-50.53378358049314,23,26,134.0,126.0,179,194,5,8,1.63,1.83,0.52766,0.153236,6.7462,7.9024
VCo,-50.567882956234236,23,27,134.0,125.0,179,192,5,9,1.63,1.88,0.52766,0.662255,6.7462,7.881
VNi,-49.943946195992666,23,28,134.0,124.0,179,184,5,10,1.63,1.91,0.52766,1.157368,6.7462,7.6399
VCu,-47.51372952302748,23,29,134.0,128.0,179,186,5,11,1.63,1.9,0.52766,1.23578,6.7462,7.7264
VZn,-45.12470258372309,23,30,134.0,134.0,179,210,5,12,1.63,1.65,0.52766,-0.6,6.7462,9.3942
VZr,-50.18477263238569,23,40,134.0,160.0,179,186,5,4,1.63,1.33,0.52766,0.433283,6.7462,6.6339
VNb,-50.71084604167777,23,41,134.0,146.0,179,207,5,5,1.63,1.6,0.52766,0.9174,6.7462,6.7589
VMo,-50.7474918037747,23,42,134.0,139.0,179,209,5,6,1.63,2.16,0.52766,0.74723,6.7462,7.0924
VTc,-50.94741304635876,23,43,134.0,136.0,179,209,5,7,1.63,2.1,0.52766,0.636,6.7462,7.28
VRu,-51.50035299589652,23,44,134.0,134.0,179,207,5,8,1.63,2.2,0.52766,1.04627,6.7462,7.3605
VRh,-50.53454852903196,23,45,134.0,134.0,179,195,5,9,1.63,2.28,0.52766,1.14289,6.7462,7.4589
VPd,-47.65466143057499,23,46,134.0,137.0,179,202,5,10,1.63,2.2,0.52766,0.56214,6.7462,8.3369
VAg,-44.22350017115414,23,47,134.0,144.0,179,203,5,11,1.63,1.93,0.52766,1.30447,6.7462,7.5762
VCd,-42.409566429145634,23,48,134.0,148.9,179,230,5,12,1.63,1.69,0.52766,-0.7,6.7462,8.9938
VIn,-42.35269724696299,23,49,134.0,167.0,179,236,5,13,1.63,1.78,0.52766,0.38392,6.7462,5.7864
VSn,-43.3388854661484,23,50,134.0,151.0,179,233,5,14,1.63,1.96,0.52766,1.11207,6.7462,7.3439
VW,-51.986540268060196,23,74,134.0,139.0,179,210,5,6,1.63,1.7,0.52766,0.8165,6.7462,7.864
VRe,-51.7560118964763,23,75,134.0,137.0,179,217,5,7,1.63,1.9,0.52766,0.060396,6.7462,7.8335
VOs,-52.29149391951144,23,76,134.0,135.0,179,216,5,8,1.63,2.2,0.52766,1.077661,6.7462,8.4382
VIr,-51.81747916199444,23,77,134.0,135.5,179,202,5,9,1.63,2.2,0.52766,1.564057,6.7462,8.967
VPt,-49.582659194858074,23,78,134.0,138.5,179,209,5,10,1.63,2.2,0.52766,2.1251,6.7462,8.9588
VAu,-45.29842783524691,23,79,134.0,144.0,179,217,5,11,1.63,2.4,0.52766,2.30861,6.7462,9.2255
VBi,-44.242405642182064,23,83,134.0,154.7,179,243,5,15,1.63,1.9,0.52766,0.942362,6.7462,7.2855
CrTi,-49.76967890768904,24,22,128.0,147.0,189,187,6,4,1.66,1.54,0.675928,0.07554,6.7665,6.8281
CrV,-50.069226349499786,24,23,128.0,134.0,189,179,6,5,1.66,1.63,0.675928,0.52766,6.7665,6.7462
CrCr,-49.65949812854962,24,24,128.0,128.0,189,189,6,6,1.66,1.66,0.675928,0.675928,6.7665,6.7665
CrMn,-48.922999791782004,24,25,128.0,127.0,189,197,6,7,1.66,1.55,0.675928,-0.5,6.7665,7.434
CrFe,-49.5846233723813,24,26,128.0,126.0,189,194,6,8,1.66,1.83,0.675928,0.153236,6.7665,7.9024
CrCo,-49.61872274812238,24,27,128.0,125.0,189,192,6,9,1.66,1.88,0.675928,0.662255,6.7665,7.881
CrNi,-48.99478598788081,24,28,128.0,124.0,189,184,6,10,1.66,1.91,0.675928,1.157368,6.7665,7.6399
CrCu,-46.56456931491562,24,29,128.0,128.0,189,186,6,11,1.66,1.9,0.675928,1.23578,6.7665,7.7264
CrZn,-44.175542375611236,24,30,128.0,134.0,189,210,6,12,1.66,1.65,0.675928,-0.6,6.7665,9.3942
CrZr,-49.23561242427384,24,40,128.0,160.0,189,186,6,4,1.66,1.33,0.675928,0.433283,6.7665,6.6339
CrNb,-49.76168583356592,24,41,128.0,146.0,189,207,6,5,1.66,1.6,0.675928,0.9174,6.7665,6.7589
CrMo,-49.79833159566283,24,42,128.0,139.0,189,209,6,6,1.66,2.16,0.675928,0.74723,6.7665,7.0924
CrTc,-49.99825283824689,24,43,128.0,136.0,189,209,6,7,1.66,2.1,0.675928,0.636,6.7665,7.28
CrRu,-50.55119278778465,24,44,128.0,134.0,189,207,6,8,1.66,2.2,0.675928,1.04627,6.7665,7.3605
CrRh,-49.5853883209201,24,45,128.0,134.0,189,195,6,9,1.66,2.28,0.675928,1.14289,6.7665,7.4589
CrPd,-46.70550122246312,24,46,128.0,137.0,189,202,6,10,1.66,2.2,0.675928,0.56214,6.7665,8.3369
CrAg,-43.27433996304227,24,47,128.0,144.0,189,203,6,11,1.66,1.93,0.675928,1.30447,6.7665,7.5762
CrCd,-41.46040622103377,24,48,128.0,148.9,189,230,6,12,1.66,1.69,0.675928,-0.7,6.7665,8.9938
CrIn,-41.40353703885113,24,49,128.0,167.0,189,236,6,13,1.66,1.78,0.675928,0.38392,6.7665,5.7864
CrSn,-42.389725258036535,24,50,128.0,151.0,189,233,6,14,1.66,1.96,0.675928,1.11207,6.7665,7.3439
CrW,-51.03738005994834,24,74,128.0,139.0,189,210,6,6,1.66,1.7,0.675928,0.8165,6.7665,7.864
CrRe,-50.806851688364446,24,75,128.0,137.0,189,217,6,7,1.66,1.9,0.675928,0.060396,6.7665,7.8335
CrOs,-51.34233371139958,24,76,128.0,135.0,189,216,6,8,1.66,2.2,0.675928,1.077661,6.7665,8.4382
CrIr,-50.868318953882586,24,77,128.0,135.5,189,202,6,9,1.66,2.2,0.675928,1.564057,6.7665,8.967
CrPt,-48.633498986746204,24,78,128.0,138.5,189,209,6,10,1.66,2.2,0.675928,2.1251,6.7665,8.9588
CrAu,-44.349267627135056,24,79,128.0,144.0,189,217,6,11,1.66,2.4,0.675928,2.30861,6.7665,9.2255
CrBi,-43.293245434070215,24,83,128.0,154.7,189,243,6,15,1.66,1.9,0.675928,0.942362,6.7665,7.2855
MnTi,-48.76666086997264,25,22,127.0,147.0,197,187,7,4,1.55,1.54,-0.5,0.07554,7.434,6.8281
MnV,-49.06620831178338,25,23,127.0,134.0,197,179,7,5,1.55,1.63,-0.5,0.52766,7.434,6.7462
MnCr,-48.65648009083323,25,24,127.0,128.0,197,189,7,6,1.55,1.66,-0.5,0.675928,7.434,6.7665
MnMn,-47.919981754065574,25,25,127.0,127.0,197,197,7,7,1.55,1.55,-0.5,-0.5,7.434,7.434
MnFe,-48.58160533466488,25,26,127.0,126.0,197,194,7,8,1.55,1.83,-0.5,0.153236,7.434,7.9024
MnCo,-48.61570471040597,25,27,127.0,125.0,197,192,7,9,1.55,1.88,-0.5,0.662255,7.434,7.881
MnNi,-47.9917679501644,25,28,127.0,124.0,197,184,7,10,1.55,1.91,-0.5,1.157368,7.434,7.6399
MnCu,-45.561551277199214,25,29,127.0,128.0,197,186,7,11,1.55,1.9,-0.5,1.23578,7.434,7.7264
MnZn,-43.17252433789482,25,30,127.0,134.0,197,210,7,12,1.55,1.65,-0.5,-0.6,7.434,9.3942
MnZr,-48.23259438655742,25,40,127.0,160.0,197,186,7,4,1.55,1.33,-0.5,0.433283,7.434,6.6339
MnNb,-48.758667795849505,25,41,127.0,146.0,197,207,7,5,1.55,1.6,-0.5,0.9174,7.434,6.7589
MnMo,-48.79531355794642,25,42,127.0,139.0,197,209,7,6,1.55,2.16,-0.5,0.74723,7.434,7.0924
MnTc,-48.99523480053048,25,43,127.0,136.0,197,209,7,7,1.55,2.1,-0.5,0.636,7.434,7.28
MnRu,-49.54817475006824,25,44,127.0,134.0,197,207,7,8,1.55,2.2,-0.5,1.04627,7.434,7.3605
MnRh,-48.582370283203694,25,45,127.0,134.0,197,195,7,9,1.55,2.28,-0.5,1.14289,7.434,7.4589
MnPd,-45.70248318474671,25,46,127.0,137.0,197,202,7,10,1.55,2.2,-0.5,0.56214,7.434,8.3369
MnAg,-42.271321925325864,25,47,127.0,144.0,197,203,7,11,1.55,1.93,-0.5,1.30447,7.434,7.5762
MnCd,-40.457388183317356,25,48,127.0,148.9,197,230,7,12,1.55,1.69,-0.5,-0.7,7.434,8.9938
MnIn,-40.40051900113471,25,49,127.0,167.0,197,236,7,13,1.55,1.78,-0.5,0.38392,7.434,5.7864
MnSn,-41.38670722032013,25,50,127.0,151.0,197,233,7,14,1.55,1.96,-0.5,1.11207,7.434,7.3439
MnW,-50.03436202223193,25,74,127.0,139.0,197,210,7,6,1.55,1.7,-0.5,0.8165,7.434,7.864
MnRe,-49.80383365064804,25,75,127.0,137.0,197,217,7,7,1.55,1.9,-0.5,0.060396,7.434,7.8335
MnOs,-50.339315673683174,25,76,127.0,135.0,197,216,7,8,1.55,2.2,-0.5,1.077661,7.434,8.4382
MnIr,-49.86530091616618,25,77,127.0,135.5,197,202,7,9,1.55,2.2,-0.5,1.564057,7.434,8.967
MnPt,-47.630480949029796,25,78,127.0,138.5,197,209,7,10,1.55,2.2,-0.5,2.1251,7.434,8.9588
MnAu,-43.34624958941865,25,79,127.0,144.0,197,217,7,11,1.55,2.4,-0.5,2.30861,7.434,9.2255
MnBi,-42.2902273963538,25,83,127.0,154.7,197,243,7,15,1.55,1.9,-0.5,0.942362,7.434,7.2855
FeTi,-49.287494985624164,26,22,126.0,147.0,194,187,8,4,1.83,1.54,0.153236,0.07554,7.9024,6.8281
FeV,-49.58704242743489,26,23,126.0,134.0,194,179,8,5,1.83,1.63,0.153236,0.52766,7.9024,6.7462
FeCr,-49.17731420648474,26,24,126.0,128.0,194,189,8,6,1.83,1.66,0.153236,0.675928,7.9024,6.7665
FeMn,-48.440815869717106,26,25,126.0,127.0,194,197,8,7,1.83,1.55,0.153236,-0.5,7.9024,7.434
FeFe,-49.1024394503164,26,26,126.0,126.0,194,194,8,8,1.83,1.83,0.153236,0.153236,7.9024,7.9024
FeCo,-49.13653882605748,26,27,126.0,125.0,194,192,8,9,1.83,1.88,0.153236,0.662255,7.9024,7.881
FeNi,-48.51260206581591,26,28,126.0,124.0,194,184,8,10,1.83,1.91,0.153236,1.157368,7.9024,7.6399
FeCu,-46.08238539285074,26,29,126.0,128.0,194,186,8,11,1.83,1.9,0.153236,1.23578,7.9024,7.7264
FeZn,-43.69335845354634,26,30,126.0,134.0,194,210,8,12,1.83,1.65,0.153236,-0.6,7.9024,9.3942
FeZr,-48.75342850220895,26,40,126.0,160.0,194,186,8,4,1.83,1.33,0.153236,0.433283,7.9024,6.6339
FeNb,-49.27950191150103,26,41,126.0,146.0,194,207,8,5,1.83,1.6,0.153236,0.9174,7.9024,6.7589
FeMo,-49.316147673597946,26,42,126.0,139.0,194,209,8,6,1.83,2.16,0.153236,0.74723,7.9024,7.0924
FeTc,-49.51606891618201,26,43,126.0,136.0,194,209,8,7,1.83,2.1,0.153236,0.636,7.9024,7.28
FeRu,-50.069008865719766,26,44,126.0,134.0,194,207,8,8,1.83,2.2,0.153236,1.04627,7.9024,7.3605
FeRh,-49.103204398855205,26,45,126.0,134.0,194,195,8,9,1.83,2.28,0.153236,1.14289,7.9024,7.4589
FePd,-46.223317300398236,26,46,126.0,137.0,194,202,8,10,1.83,2.2,0.153236,0.56214,7.9024,8.3369
FeAg,-42.79215604097739,26,47,126.0,144.0,194,203,8,11,1.83,1.93,0.153236,1.30447,7.9024,7.5762
FeCd,-40.97822229896888,26,48,126.0,148.9,194,230,8,12,1.83,1.69,0.153236,-0.7,7.9024,8.9938
FeIn,-40.921353116786236,26,49,126.0,167.0,194,236,8,13,1.83,1.78,0.153236,0.38392,7.9024,5.7864
FeSn,-41.90754133597164,26,50,126.0,151.0,194,233,8,14,1.83,1.96,0.153236,1.11207,7.9024,7.3439
FeW,-50.555196137883456,26,74,126.0,139.0,194,210,8,6,1.83,1.7,0.153236,0.8165,7.9024,7.864
FeRe,-50.32466776629955,26,75,126.0,137.0,194,217,8,7,1.83,1.9,0.153236,0.060396,7.9024,7.8335
FeOs,-50.860149789334685,26,76,126.0,135.0,194,216,8,8,1.83,2.2,0.153236,1.077661,7.9024,8.4382
FeIr,-50.38613503181769,26,77,126.0,135.5,194,202,8,9,1.83,2.2,0.153236,1.564057,7.9024,8.967
FePt,-48.15131506468132,26,78,126.0,138.5,194,209,8,10,1.83,2.2,0.153236,2.1251,7.9024,8.9588
FeAu,-43.86708370507016,26,79,126.0,144.0,194,217,8,11,1.83,2.4,0.153236,2.30861,7.9024,9.2255
FeBi,-42.811061512005324,26,83,126.0,154.7,194,243,8,15,1.83,1.9,0.153236,0.942362,7.9024,7.2855
CoTi,-49.67519623720591,27,22,125.0,147.0,192,187,9,4,1.88,1.54,0.662255,0.07554,7.881,6.8281
CoV,-49.97474367901663,27,23,125.0,134.0,192,179,9,5,1.88,1.63,0.662255,0.52766,7.881,6.7462
CoCr,-49.56501545806648,27,24,125.0,128.0,192,189,9,6,1.88,1.66,0.662255,0.675928,7.881,6.7665
CoMn,-48.82851712129885,27,25,125.0,127.0,192,197,9,7,1.88,1.55,0.662255,-0.5,7.881,7.434
CoFe,-49.49014070189815,27,26,125.0,126.0,192,194,9,8,1.88,1.83,0.662255,0.153236,7.881,7.9024
CoCo,-49.52424007763923,27,27,125.0,125.0,192,192,9,9,1.88,1.88,0.662255,0.662255,7.881,7.881
CoNi,-48.90030331739766,27,28,125.0,124.0,192,184,9,10,1.88,1.91,0.662255,1.157368,7.881,7.6399
CoCu,-46.470086644432484,27,29,125.0,128.0,192,186,9,11,1.88,1.9,0.662255,1.23578,7.881,7.7264
CoZn,-44.081059705128084,27,30,125.0,134.0,192,210,9,12,1.88,1.65,0.662255,-0.6,7.881,9.3942
CoZr,-49.14112975379069,27,40,125.0,160.0,192,186,9,4,1.88,1.33,0.662255,0.433283,7.881,6.6339
CoNb,-49.667203163082775,27,41,125.0,146.0,192,207,9,5,1.88,1.6,0.662255,0.9174,7.881,6.7589
CoMo,-49.70384892517969,27,42,125.0,139.0,192,209,9,6,1.88,2.16,0.662255,0.74723,7.881,7.0924
CoTc,-49.90377016776375,27,43,125.0,136.0,192,209,9,7,1.88,2.1,0.662255,0.636,7.881,7.28
CoRu,-50.45671011730151,27,44,125.0,134.0,192,207,9,8,1.88,2.2,0.662255,1.04627,7.881,7.3605
CoRh,-49.49090565043695,27,45,125.0,134.0,192,195,9,9,1.88,2.28,0.662255,1.14289,7.881,7.4589
CoPd,-46.61101855197998,27,46,125.0,137.0,192,202,9,10,1.88,2.2,0.662255,0.56214,7.881,8.3369
CoAg,-43.179857292559134,27,47,125.0,144.0,192,203,9,11,1.88,1.93,0.662255,1.30447,7.881,7.5762
CoCd,-41.365923550550626,27,48,125.0,148.9,192,230,9,12,1.88,1.69,0.662255,-0.7,7.881,8.9938
CoIn,-41.30905436836798,27,49,125.0,167.0,192,236,9,13,1.88,1.78,0.662255,0.38392,7.881,5.7864
CoSn,-42.29524258755339,27,50,125.0,151.0,192,233,9,14,1.88,1.96,0.662255,1.11207,7.881,7.3439
CoW,-50.9428973894652,27,74,125.0,139.0,192,210,9,6,1.88,1.7,0.662255,0.8165,7.881,7.864
CoRe,-50.712369017881294,27,75,125.0,137.0,192,217,9,7,1.88,1.9,0.662255,0.060396,7.881,7.8335
CoOs,-51.24785104091643,27,76,125.0,135.0,192,216,9,8,1.88,2.2,0.662255,1.077661,7.881,8.4382
CoIr,-50.77383628339943,27,77,125.0,135.5,192,202,9,9,1.88,2.2,0.662255,1.564057,7.881,8.967
CoPt,-48.539016316263066,27,78,125.0,138.5,192,209,9,10,1.88,2.2,0.662255,2.1251,7.881,8.9588
CoAu,-44.2547849566519,27,79,125.0,144.0,192,217,9,11,1.88,2.4,0.662255,2.30861,7.881,9.2255
CoBi,-43.19876276358707,27,83,125.0,154.7,192,243,9,15,1.88,1.9,0.662255,0.942362,7.881,7.2855
NiTi,-48.731119512481285,28,22,124.0,147.0,184,187,10,4,1.91,1.54,1.157368,0.07554,7.6399,6.8281
NiV,-49.03066695429204,28,23,124.0,134.0,184,179,10,5,1.91,1.63,1.157368,0.52766,7.6399,6.7462
NiCr,-48.62093873334187,28,24,124.0,128.0,184,189,10,6,1.91,1.66,1.157368,0.675928,7.6399,6.7665
NiMn,-47.88444039657423,28,25,124.0,127.0,184,197,10,7,1.91,1.55,1.157368,-0.5,7.6399,7.434
NiFe,-48.54606397717354,28,26,124.0,126.0,184,194,10,8,1.91,1.83,1.157368,0.153236,7.6399,7.9024
NiCo,-48.58016335291462,28,27,124.0,125.0,184,192,10,9,1.91,1.88,1.157368,0.662255,7.6399,7.881
NiNi,-47.95622659267305,28,28,124.0,124.0,184,184,10,10,1.91,1.91,1.157368,1.157368,7.6399,7.6399
NiCu,-45.526009919707874,28,29,124.0,128.0,184,186,10,11,1.91,1.9,1.157368,1.23578,7.6399,7.7264
NiZn,-43.136982980403474,28,30,124.0,134.0,184,210,10,12,1.91,1.65,1.157368,-0.6,7.6399,9.3942
NiZr,-48.19705302906607,28,40,124.0,160.0,184,186,10,4,1.91,1.33,1.157368,0.433283,7.6399,6.6339
NiNb,-48.723126438358165,28,41,124.0,146.0,184,207,10,5,1.91,1.6,1.157368,0.9174,7.6399,6.7589
NiMo,-48.75977220045508,28,42,124.0,139.0,184,209,10,6,1.91,2.16,1.157368,0.74723,7.6399,7.0924
NiTc,-48.95969344303914,28,43,124.0,136.0,184,209,10,7,1.91,2.1,1.157368,0.636,7.6399,7.28
NiRu,-49.5126333925769,28,44,124.0,134.0,184,207,10,8,1.91,2.2,1.157368,1.04627,7.6399,7.3605
NiRh,-48.54682892571234,28,45,124.0,134.0,184,195,10,9,1.91,2.28,1.157368,1.14289,7.6399,7.4589
NiPd,-45.66694182725537,28,46,124.0,137.0,184,202,10,10,1.91,2.2,1.157368,0.56214,7.6399,8.3369
NiAg,-42.235780567834524,28,47,124.0,144.0,184,203,10,11,1.91,1.93,1.157368,1.30447,7.6399,7.5762
NiCd,-40.421846825826016,28,48,124.0,148.9,184,230,10,12,1.91,1.69,1.157368,-0.7,7.6399,8.9938
NiIn,-40.36497764364337,28,49,124.0,167.0,184,236,10,13,1.91,1.78,1.157368,0.38392,7.6399,5.7864
NiSn,-41.35116586282878,28,50,124.0,151.0,184,233,10,14,1.91,1.96,1.157368,1.11207,7.6399,7.3439
NiW,-49.99882066474059,28,74,124.0,139.0,184,210,10,6,1.91,1.7,1.157368,0.8165,7.6399,7.864
NiRe,-49.768292293156684,28,75,124.0,137.0,184,217,10,7,1.91,1.9,1.157368,0.060396,7.6399,7.8335
NiOs,-50.30377431619182,28,76,124.0,135.0,184,216,10,8,1.91,2.2,1.157368,1.077661,7.6399,8.4382
NiIr,-49.82975955867482,28,77,124.0,135.5,184,202,10,9,1.91,2.2,1.157368,1.564057,7.6399,8.967
NiPt,-47.594939591538456,28,78,124.0,138.5,184,209,10,10,1.91,2.2,1.157368,2.1251,7.6399,8.9588
NiAu,-43.31070823192729,28,79,124.0,144.0,184,217,10,11,1.91,2.4,1.157368,2.30861,7.6399,9.2255
NiBi,-42.25468603886246,28,83,124.0,154.7,184,243,10,15,1.91,1.9,1.157368,0.942362,7.6399,7.2855
CuTi,-45.669874135025765,29,22,128.0,147.0,186,187,11,4,1.9,1.54,1.23578,0.07554,7.7264,6.8281
CuV,-45.96942157683651,29,23,128.0,134.0,186,179,11,5,1.9,1.63,1.23578,0.52766,7.7264,6.7462
CuCr,-45.559693355886346,29,24,128.0,128.0,186,189,11,6,1.9,1.66,1.23578,0.675928,7.7264,6.7665
CuMn,-44.82319501911872,29,25,128.0,127.0,186,197,11,7,1.9,1.55,1.23578,-0.5,7.7264,7.434
CuFe,-45.484818599718025,29,26,128.0,126.0,186,194,11,8,1.9,1.83,1.23578,0.153236,7.7264,7.9024
CuCo,-45.518917975459104,29,27,128.0,125.0,186,192,11,9,1.9,1.88,1.23578,0.662255,7.7264,7.881
CuNi,-44.894981215217534,29,28,128.0,124.0,186,184,11,10,1.9,1.91,1.23578,1.157368,7.7264,7.6399
CuCu,-42.46476454225235,29,29,128.0,128.0,186,186,11,11,1.9,1.9,1.23578,1.23578,7.7264,7.7264
CuZn,-40.07573760294795,29,30,128.0,134.0,186,210,11,12,1.9,1.65,1.23578,-0.6,7.7264,9.3942
CuZr,-45.13580765161056,29,40,128.0,160.0,186,186,11,4,1.9,1.33,1.23578,0.433283,7.7264,6.6339
CuNb,-45.661881060902644,29,41,128.0,146.0,186,207,11,5,1.9,1.6,1.23578,0.9174,7.7264,6.7589
CuMo,-45.698526822999554,29,42,128.0,139.0,186,209,11,6,1.9,2.16,1.23578,0.74723,7.7264,7.0924
CuTc,-45.898448065583615,29,43,128.0,136.0,186,209,11,7,1.9,2.1,1.23578,0.636,7.7264,7.28
CuRu,-46.451388015121374,29,44,128.0,134.0,186,207,11,8,1.9,2.2,1.23578,1.04627,7.7264,7.3605
CuRh,-45.48558354825683,29,45,128.0,134.0,186,195,11,9,1.9,2.28,1.23578,1.14289,7.7264,7.4589
CuPd,-42.605696449799844,29,46,128.0,137.0,186,202,11,10,1.9,2.2,1.23578,0.56214,7.7264,8.3369
CuAg,-39.174535190379,29,47,128.0,144.0,186,203,11,11,1.9,1.93,1.23578,1.30447,7.7264,7.5762
CuCd,-37.360601448370495,29,48,128.0,148.9,186,230,11,12,1.9,1.69,1.23578,-0.7,7.7264,8.9938
CuIn,-37.30373226618785,29,49,128.0,167.0,186,236,11,13,1.9,1.78,1.23578,0.38392,7.7264,5.7864
CuSn,-38.28992048537326,29,50,128.0,151.0,186,233,11,14,1.9,1.96,1.23578,1.11207,7.7264,7.3439
CuW,-46.937575287285064,29,74,128.0,139.0,186,210,11,6,1.9,1.7,1.23578,0.8165,7.7264,7.864
CuRe,-46.70704691570117,29,75,128.0,137.0,186,217,11,7,1.9,1.9,1.23578,0.060396,7.7264,7.8335
CuOs,-47.24252893873631,29,76,128.0,135.0,186,216,11,8,1.9,2.2,1.23578,1.077661,7.7264,8.4382
CuIr,-46.76851418121931,29,77,128.0,135.5,186,202,11,9,1.9,2.2,1.23578,1.564057,7.7264,8.967
CuPt,-44.53369421408293,29,78,128.0,138.5,186,209,11,10,1.9,2.2,1.23578,2.1251,7.7264,8.9588
CuAu,-40.24946285447178,29,79,128.0,144.0,186,217,11,11,1.9,2.4,1.23578,2.30861,7.7264,9.2255
CuBi,-39.19344066140694,29,83,128.0,154.7,186,243,11,15,1.9,1.9,1.23578,0.942362,7.7264,7.2855
ZnTi,-44.19294343919336,30,22,134.0,147.0,210,187,12,4,1.65,1.54,-0.6,0.07554,9.3942,6.8281
ZnV,-44.49249088100409,30,23,134.0,134.0,210,179,12,5,1.65,1.63,-0.6,0.52766,9.3942,6.7462
ZnCr,-44.08276266005394,30,24,134.0,128.0,210,189,12,6,1.65,1.66,-0.6,0.675928,9.3942,6.7665
ZnMn,-43.34626432328632,30,25,134.0,127.0,210,197,12,7,1.65,1.55,-0.6,-0.5,9.3942,7.434
ZnFe,-44.0078879038856,30,26,134.0,126.0,210,194,12,8,1.65,1.83,-0.6,0.153236,9.3942,7.9024
ZnCo,-44.04198727962668,30,27,134.0,125.0,210,192,12,9,1.65,1.88,-0.6,0.662255,9.3942,7.881
ZnNi,-43.418050519385126,30,28,134.0,124.0,210,184,12,10,1.65,1.91,-0.6,1.157368,9.3942,7.6399
ZnCu,-40.98783384641994,30,29,134.0,128.0,210,186,12,11,1.65,1.9,-0.6,1.23578,9.3942,7.7264
ZnZn,-38.59880690711555,30,30,134.0,134.0,210,210,12,12,1.65,1.65,-0.6,-0.6,9.3942,9.3942
ZnZr,-43.658876955778155,30,40,134.0,160.0,210,186,12,4,1.65,1.33,-0.6,0.433283,9.3942,6.6339
ZnNb,-44.184950365070236,30,41,134.0,146.0,210,207,12,5,1.65,1.6,-0.6,0.9174,9.3942,6.7589
ZnMo,-44.221596127167146,30,42,134.0,139.0,210,209,12,6,1.65,2.16,-0.6,0.74723,9.3942,7.0924
ZnTc,-44.42151736975121,30,43,134.0,136.0,210,209,12,7,1.65,2.1,-0.6,0.636,9.3942,7.28
ZnRu,-44.974457319288966,30,44,134.0,134.0,210,207,12,8,1.65,2.2,-0.6,1.04627,9.3942,7.3605
ZnRh,-44.00865285242442,30,45,134.0,134.0,210,195,12,9,1.65,2.28,-0.6,1.14289,9.3942,7.4589
ZnPd,-41.128765753967436,30,46,134.0,137.0,210,202,12,10,1.65,2.2,-0.6,0.56214,9.3942,8.3369
ZnAg,-37.69760449454659,30,47,134.0,144.0,210,203,12,11,1.65,1.93,-0.6,1.30447,9.3942,7.5762
ZnCd,-35.88367075253807,30,48,134.0,148.9,210,230,12,12,1.65,1.69,-0.6,-0.7,9.3942,8.9938
ZnIn,-35.82680157035544,30,49,134.0,167.0,210,236,12,13,1.65,1.78,-0.6,0.38392,9.3942,5.7864
ZnSn,-36.812989789540836,30,50,134.0,151.0,210,233,12,14,1.65,1.96,-0.6,1.11207,9.3942,7.3439
ZnW,-45.460644591452656,30,74,134.0,139.0,210,210,12,6,1.65,1.7,-0.6,0.8165,9.3942,7.864
ZnRe,-45.23011621986876,30,75,134.0,137.0,210,217,12,7,1.65,1.9,-0.6,0.060396,9.3942,7.8335
ZnOs,-45.765598242903884,30,76,134.0,135.0,210,216,12,8,1.65,2.2,-0.6,1.077661,9.3942,8.4382
ZnIr,-45.29158348538689,30,77,134.0,135.5,210,202,12,9,1.65,2.2,-0.6,1.564057,9.3942,8.967
ZnPt,-43.05676351825052,30,78,134.0,138.5,210,209,12,10,1.65,2.2,-0.6,2.1251,9.3942,8.9588
ZnAu,-38.77253215863937,30,79,134.0,144.0,210,217,12,11,1.65,2.4,-0.6,2.30861,9.3942,9.2255
ZnBi,-37.71650996557453,30,83,134.0,154.7,210,243,12,15,1.65,1.9,-0.6,0.942362,9.3942,7.2855
ZrTi,-49.99743808912791,40,22,160.0,147.0,186,187,4,4,1.33,1.54,0.433283,0.07554,6.6339,6.8281
ZrV,-50.296985530938635,40,23,160.0,134.0,186,179,4,5,1.33,1.63,0.433283,0.52766,6.6339,6.7462
ZrCr,-49.887257309988485,40,24,160.0,128.0,186,189,4,6,1.33,1.66,0.433283,0.675928,6.6339,6.7665
ZrMn,-49.150758973220846,40,25,160.0,127.0,186,197,4,7,1.33,1.55,0.433283,-0.5,6.6339,7.434
ZrFe,-49.81238255382015,40,26,160.0,126.0,186,194,4,8,1.33,1.83,0.433283,0.153236,6.6339,7.9024
ZrCo,-49.84648192956123,40,27,160.0,125.0,186,192,4,9,1.33,1.88,0.433283,0.662255,6.6339,7.881
ZrNi,-49.22254516931966,40,28,160.0,124.0,186,184,4,10,1.33,1.91,0.433283,1.157368,6.6339,7.6399
ZrCu,-46.792328496354486,40,29,160.0,128.0,186,186,4,11,1.33,1.9,0.433283,1.23578,6.6339,7.7264
ZrZn,-44.40330155705009,40,30,160.0,134.0,186,210,4,12,1.33,1.65,0.433283,-0.6,6.6339,9.3942
ZrZr,-49.463371605712695,40,40,160.0,160.0,186,186,4,4,1.33,1.33,0.433283,0.433283,6.6339,6.6339
ZrNb,-49.989445015004776,40,41,160.0,146.0,186,207,4,5,1.33,1.6,0.433283,0.9174,6.6339,6.7589
ZrMo,-50.02609077710169,40,42,160.0,139.0,186,209,4,6,1.33,2.16,0.433283,0.74723,6.6339,7.0924
ZrTc,-50.226012019685754,40,43,160.0,136.0,186,209,4,7,1.33,2.1,0.433283,0.636,6.6339,7.28
ZrRu,-50.77895196922351,40,44,160.0,134.0,186,207,4,8,1.33,2.2,0.433283,1.04627,6.6339,7.3605
ZrRh,-49.81314750235895,40,45,160.0,134.0,186,195,4,9,1.33,2.28,0.433283,1.14289,6.6339,7.4589
ZrPd,-46.93326040390198,40,46,160.0,137.0,186,202,4,10,1.33,2.2,0.433283,0.56214,6.6339,8.3369
ZrAg,-43.502099144481136,40,47,160.0,144.0,186,203,4,11,1.33,1.93,0.433283,1.30447,6.6339,7.5762
ZrCd,-41.68816540247263,40,48,160.0,148.9,186,230,4,12,1.33,1.69,0.433283,-0.7,6.6339,8.9938
ZrIn,-41.63129622028998,40,49,160.0,167.0,186,236,4,13,1.33,1.78,0.433283,0.38392,6.6339,5.7864
ZrSn,-42.61748443947539,40,50,160.0,151.0,186,233,4,14,1.33,1.96,0.433283,1.11207,6.6339,7.3439
ZrW,-51.2651392413872,40,74,160.0,139.0,186,210,4,6,1.33,1.7,0.433283,0.8165,6.6339,7.864
ZrRe,-51.034610869803295,40,75,160.0,137.0,186,217,4,7,1.33,1.9,0.433283,0.060396,6.6339,7.8335
ZrOs,-51.57009289283843,40,76,160.0,135.0,186,216,4,8,1.33,2.2,0.433283,1.077661,6.6339,8.4382
ZrIr,-51.096078135321434,40,77,160.0,135.5,186,202,4,9,1.33,2.2,0.433283,1.564057,6.6339,8.967
ZrPt,-48.86125816818507,40,78,160.0,138.5,186,209,4,10,1.33,2.2,0.433283,2.1251,6.6339,8.9588
ZrAu,-44.577026808573905,40,79,160.0,144.0,186,217,4,11,1.33,2.4,0.433283,2.30861,6.6339,9.2255
ZrBi,-43.52100461550907,40,83,160.0,154.7,186,243,4,15,1.33,1.9,0.433283,0.942362,6.6339,7.2855
NbTi,-50.520517339114534,41,22,146.0,147.0,207,187,5,4,1.6,1.54,0.9174,0.07554,6.7589,6.8281
NbV,-50.82006478092526,41,23,146.0,134.0,207,179,5,5,1.6,1.63,0.9174,0.52766,6.7589,6.7462
NbCr,-50.41033655997511,41,24,146.0,128.0,207,189,5,6,1.6,1.66,0.9174,0.675928,6.7589,6.7665
NbMn,-49.67383822320747,41,25,146.0,127.0,207,197,5,7,1.6,1.55,0.9174,-0.5,6.7589,7.434
NbFe,-50.33546180380677,41,26,146.0,126.0,207,194,5,8,1.6,1.83,0.9174,0.153236,6.7589,7.9024
NbCo,-50.36956117954785,41,27,146.0,125.0,207,192,5,9,1.6,1.88,0.9174,0.662255,6.7589,7.881
NbNi,-49.74562441930628,41,28,146.0,124.0,207,184,5,10,1.6,1.91,0.9174,1.157368,6.7589,7.6399
NbCu,-47.31540774634111,41,29,146.0,128.0,207,186,5,11,1.6,1.9,0.9174,1.23578,6.7589,7.7264
NbZn,-44.926380807036715,41,30,146.0,134.0,207,210,5,12,1.6,1.65,0.9174,-0.6,6.7589,9.3942
NbZr,-49.98645085569932,41,40,146.0,160.0,207,186,5,4,1.6,1.33,0.9174,0.433283,6.7589,6.6339
NbNb,-50.5125242649914,41,41,146.0,146.0,207,207,5,5,1.6,1.6,0.9174,0.9174,6.7589,6.7589
NbMo,-50.549170027088316,41,42,146.0,139.0,207,209,5,6,1.6,2.16,0.9174,0.74723,6.7589,7.0924
NbTc,-50.74909126967238,41,43,146.0,136.0,207,209,5,7,1.6,2.1,0.9174,0.636,6.7589,7.28
NbRu,-51.302031219210136,41,44,146.0,134.0,207,207,5,8,1.6,2.2,0.9174,1.04627,6.7589,7.3605
NbRh,-50.336226752345574,41,45,146.0,134.0,207,195,5,9,1.6,2.28,0.9174,1.14289,6.7589,7.4589
NbPd,-47.456339653888605,41,46,146.0,137.0,207,202,5,10,1.6,2.2,0.9174,0.56214,6.7589,8.3369
NbAg,-44.02517839446776,41,47,146.0,144.0,207,203,5,11,1.6,1.93,0.9174,1.30447,6.7589,7.5762
NbCd,-42.21124465245925,41,48,146.0,148.9,207,230,5,12,1.6,1.69,0.9174,-0.7,6.7589,8.9938
NbIn,-42.154375470276605,41,49,146.0,167.0,207,236,5,13,1.6,1.78,0.9174,0.38392,6.7589,5.7864
NbSn,-43.14056368946201,41,50,146.0,151.0,207,233,5,14,1.6,1.96,0.9174,1.11207,6.7589,7.3439
NbW,-51.788218491373826,41,74,146.0,139.0,207,210,5,6,1.6,1.7,0.9174,0.8165,6.7589,7.864
NbRe,-51.55769011978992,41,75,146.0,137.0,207,217,5,7,1.6,1.9,0.9174,0.060396,6.7589,7.8335
NbOs,-52.093172142825054,41,76,146.0,135.0,207,216,5,8,1.6,2.2,0.9174,1.077661,6.7589,8.4382
NbIr,-51.61915738530806,41,77,146.0,135.5,207,202,5,9,1.6,2.2,0.9174,1.564057,6.7589,8.967
NbPt,-49.38433741817169,41,78,146.0,138.5,207,209,5,10,1.6,2.2,0.9174,2.1251,6.7589,8.9588
NbAu,-45.10010605856053,41,79,146.0,144.0,207,217,5,11,1.6,2.4,0.9174,2.30861,6.7589,9.2255
NbBi,-44.04408386549569,41,83,146.0,154.7,207,243,5,15,1.6,1.9,0.9174,0.942362,6.7589,7.2855
MoTi,-50.040036539236766,42,22,139.0,147.0,209,187,6,4,2.16,1.54,0.74723,0.07554,7.0924,6.8281
MoV,-50.339583981047525,42,23,139.0,134.0,209,179,6,5,2.16,1.63,0.74723,0.52766,7.0924,6.7462
MoCr,-49.92985576009736,42,24,139.0,128.0,209,189,6,6,2.16,1.66,0.74723,0.675928,7.0924,6.7665
MoMn,-49.19335742332972,42,25,139.0,127.0,209,197,6,7,2.16,1.55,0.74723,-0.5,7.0924,7.434
MoFe,-49.854981003929026,42,26,139.0,126.0,209,194,6,8,2.16,1.83,0.74723,0.153236,7.0924,7.9024
MoCo,-49.889080379670105,42,27,139.0,125.0,209,192,6,9,2.16,1.88,0.74723,0.662255,7.0924,7.881
MoNi,-49.265143619428535,42,28,139.0,124.0,209,184,6,10,2.16,1.91,0.74723,1.157368,7.0924,7.6399
MoCu,-46.83492694646336,42,29,139.0,128.0,209,186,6,11,2.16,1.9,0.74723,1.23578,7.0924,7.7264
MoZn,-44.44590000715897,42,30,139.0,134.0,209,210,6,12,2.16,1.65,0.74723,-0.6,7.0924,9.3942
MoZr,-49.505970055821564,42,40,139.0,160.0,209,186,6,4,2.16,1.33,0.74723,0.433283,7.0924,6.6339
MoNb,-50.03204346511366,42,41,139.0,146.0,209,207,6,5,2.16,1.6,0.74723,0.9174,7.0924,6.7589
MoMo,-50.06868922721057,42,42,139.0,139.0,209,209,6,6,2.16,2.16,0.74723,0.74723,7.0924,7.0924
MoTc,-50.26861046979463,42,43,139.0,136.0,209,209,6,7,2.16,2.1,0.74723,0.636,7.0924,7.28
MoRu,-50.82155041933239,42,44,139.0,134.0,209,207,6,8,2.16,2.2,0.74723,1.04627,7.0924,7.3605
MoRh,-49.85574595246783,42,45,139.0,134.0,209,195,6,9,2.16,2.28,0.74723,1.14289,7.0924,7.4589
MoPd,-46.97585885401086,42,46,139.0,137.0,209,202,6,10,2.16,2.2,0.74723,0.56214,7.0924,8.3369
MoAg,-43.54469759459001,42,47,139.0,144.0,209,203,6,11,2.16,1.93,0.74723,1.30447,7.0924,7.5762
MoCd,-41.73076385258151,42,48,139.0,148.9,209,230,6,12,2.16,1.69,0.74723,-0.7,7.0924,8.9938
MoIn,-41.67389467039885,42,49,139.0,167.0,209,236,6,13,2.16,1.78,0.74723,0.38392,7.0924,5.7864
MoSn,-42.66008288958426,42,50,139.0,151.0,209,233,6,14,2.16,1.96,0.74723,1.11207,7.0924,7.3439
MoW,-51.30773769149608,42,74,139.0,139.0,209,210,6,6,2.16,1.7,0.74723,0.8165,7.0924,7.864
MoRe,-51.07720931991217,42,75,139.0,137.0,209,217,6,7,2.16,1.9,0.74723,0.060396,7.0924,7.8335
MoOs,-51.61269134294731,42,76,139.0,135.0,209,216,6,8,2.16,2.2,0.74723,1.077661,7.0924,8.4382
MoIr,-51.13867658543031,42,77,139.0,135.5,209,202,6,9,2.16,2.2,0.74723,1.564057,7.0924,8.967
MoPt,-48.90385661829394,42,78,139.0,138.5,209,209,6,10,2.16,2.2,0.74723,2.1251,7.0924,8.9588
MoAu,-44.61962525868278,42,79,139.0,144.0,209,217,6,11,2.16,2.4,0.74723,2.30861,7.0924,9.2255
MoBi,-43.563603065617954,42,83,139.0,154.7,209,243,6,15,2.16,1.9,0.74723,0.942362,7.0924,7.2855
TcTi,-50.58370382964101,43,22,136.0,147.0,209,187,7,4,2.1,1.54,0.636,0.07554,7.28,6.8281
TcV,-50.883251271451726,43,23,136.0,134.0,209,179,7,5,2.1,1.63,0.636,0.52766,7.28,6.7462
TcCr,-50.473523050501576,43,24,136.0,128.0,209,189,7,6,2.1,1.66,0.636,0.675928,7.28,6.7665
TcMn,-49.73702471373394,43,25,136.0,127.0,209,197,7,7,2.1,1.55,0.636,-0.5,7.28,7.434
TcFe,-50.39864829433324,43,26,136.0,126.0,209,194,7,8,2.1,1.83,0.636,0.153236,7.28,7.9024
TcCo,-50.43274767007432,43,27,136.0,125.0,209,192,7,9,2.1,1.88,0.636,0.662255,7.28,7.881
TcNi,-49.80881090983275,43,28,136.0,124.0,209,184,7,10,2.1,1.91,0.636,1.157368,7.28,7.6399
TcCu,-47.37859423686758,43,29,136.0,128.0,209,186,7,11,2.1,1.9,0.636,1.23578,7.28,7.7264
TcZn,-44.98956729756317,43,30,136.0,134.0,209,210,7,12,2.1,1.65,0.636,-0.6,7.28,9.3942
TcZr,-50.04963734622579,43,40,136.0,160.0,209,186,7,4,2.1,1.33,0.636,0.433283,7.28,6.6339
TcNb,-50.575710755517875,43,41,136.0,146.0,209,207,7,5,2.1,1.6,0.636,0.9174,7.28,6.7589
TcMo,-50.612356517614785,43,42,136.0,139.0,209,209,7,6,2.1,2.16,0.636,0.74723,7.28,7.0924
TcTc,-50.812277760198846,43,43,136.0,136.0,209,209,7,7,2.1,2.1,0.636,0.636,7.28,7.28
TcRu,-51.365217709736605,43,44,136.0,134.0,209,207,7,8,2.1,2.2,0.636,1.04627,7.28,7.3605
TcRh,-50.39941324287204,43,45,136.0,134.0,209,195,7,9,2.1,2.28,0.636,1.14289,7.28,7.4589
TcPd,-47.519526144415074,43,46,136.0,137.0,209,202,7,10,2.1,2.2,0.636,0.56214,7.28,8.3369
TcAg,-44.08836488499423,43,47,136.0,144.0,209,203,7,11,2.1,1.93,0.636,1.30447,7.28,7.5762
TcCd,-42.27443114298571,43,48,136.0,148.9,209,230,7,12,2.1,1.69,0.636,-0.7,7.28,8.9938
TcIn,-42.21756196080307,43,49,136.0,167.0,209,236,7,13,2.1,1.78,0.636,0.38392,7.28,5.7864
TcSn,-43.203750179988475,43,50,136.0,151.0,209,233,7,14,2.1,1.96,0.636,1.11207,7.28,7.3439
TcW,-51.851404981900295,43,74,136.0,139.0,209,210,7,6,2.1,1.7,0.636,0.8165,7.28,7.864
TcRe,-51.62087661031639,43,75,136.0,137.0,209,217,7,7,2.1,1.9,0.636,0.060396,7.28,7.8335
TcOs,-52.15635863335152,43,76,136.0,135.0,209,216,7,8,2.1,2.2,0.636,1.077661,7.28,8.4382
TcIr,-51.682343875834526,43,77,136.0,135.5,209,202,7,9,2.1,2.2,0.636,1.564057,7.28,8.967
TcPt,-49.44752390869816,43,78,136.0,138.5,209,209,7,10,2.1,2.2,0.636,2.1251,7.28,8.9588
TcAu,-45.163292549087,43,79,136.0,144.0,209,217,7,11,2.1,2.4,0.636,2.30861,7.28,9.2255
TcBi,-44.10727035602217,43,83,136.0,154.7,209,243,7,15,2.1,1.9,0.636,0.942362,7.28,7.2855
RuTi,-50.02828651459542,44,22,134.0,147.0,207,187,8,4,2.2,1.54,1.04627,0.07554,7.3605,6.8281
RuV,-50.32783395640615,44,23,134.0,134.0,207,179,8,5,2.2,1.63,1.04627,0.52766,7.3605,6.7462
RuCr,-49.918105735456,44,24,134.0,128.0,207,189,8,6,2.2,1.66,1.04627,0.675928,7.3605,6.7665
RuMn,-49.18160739868834,44,25,134.0,127.0,207,197,8,7,2.2,1.55,1.04627,-0.5,7.3605,7.434
RuFe,-49.843230979287654,44,26,134.0,126.0,207,194,8,8,2.2,1.83,1.04627,0.153236,7.3605,7.9024
RuCo,-49.87733035502875,44,27,134.0,125.0,207,192,8,9,2.2,1.88,1.04627,0.662255,7.3605,7.881
RuNi,-49.25339359478718,44,28,134.0,124.0,207,184,8,10,2.2,1.91,1.04627,1.157368,7.3605,7.6399
RuCu,-46.82317692182199,44,29,134.0,128.0,207,186,8,11,2.2,1.9,1.04627,1.23578,7.3605,7.7264
RuZn,-44.4341499825176,44,30,134.0,134.0,207,210,8,12,2.2,1.65,1.04627,-0.6,7.3605,9.3942
RuZr,-49.494220031180205,44,40,134.0,160.0,207,186,8,4,2.2,1.33,1.04627,0.433283,7.3605,6.6339
RuNb,-50.02029344047229,44,41,134.0,146.0,207,207,8,5,2.2,1.6,1.04627,0.9174,7.3605,6.7589
RuMo,-50.0569392025692,44,42,134.0,139.0,207,209,8,6,2.2,2.16,1.04627,0.74723,7.3605,7.0924
RuTc,-50.25686044515326,44,43,134.0,136.0,207,209,8,7,2.2,2.1,1.04627,0.636,7.3605,7.28
RuRu,-50.80980039469102,44,44,134.0,134.0,207,207,8,8,2.2,2.2,1.04627,1.04627,7.3605,7.3605
RuRh,-49.84399592782647,44,45,134.0,134.0,207,195,8,9,2.2,2.28,1.04627,1.14289,7.3605,7.4589
RuPd,-46.964108829369486,44,46,134.0,137.0,207,202,8,10,2.2,2.2,1.04627,0.56214,7.3605,8.3369
RuAg,-43.53294756994864,44,47,134.0,144.0,207,203,8,11,2.2,1.93,1.04627,1.30447,7.3605,7.5762
RuCd,-41.71901382794014,44,48,134.0,148.9,207,230,8,12,2.2,1.69,1.04627,-0.7,7.3605,8.9938
RuIn,-41.66214464575748,44,49,134.0,167.0,207,236,8,13,2.2,1.78,1.04627,0.38392,7.3605,5.7864
RuSn,-42.6483328649429,44,50,134.0,151.0,207,233,8,14,2.2,1.96,1.04627,1.11207,7.3605,7.3439
RuW,-51.29598766685471,44,74,134.0,139.0,207,210,8,6,2.2,1.7,1.04627,0.8165,7.3605,7.864
RuRe,-51.06545929527081,44,75,134.0,137.0,207,217,8,7,2.2,1.9,1.04627,0.060396,7.3605,7.8335
RuOs,-51.60094131830595,44,76,134.0,135.0,207,216,8,8,2.2,2.2,1.04627,1.077661,7.3605,8.4382
RuIr,-51.12692656078895,44,77,134.0,135.5,207,202,8,9,2.2,2.2,1.04627,1.564057,7.3605,8.967
RuPt,-48.89210659365257,44,78,134.0,138.5,207,209,8,10,2.2,2.2,1.04627,2.1251,7.3605,8.9588
RuAu,-44.60787523404142,44,79,134.0,144.0,207,217,8,11,2.2,2.4,1.04627,2.30861,7.3605,9.2255
RuBi,-43.55185304097658,44,83,134.0,154.7,207,243,8,15,2.2,1.9,1.04627,0.942362,7.3605,7.2855
RhTi,-49.28784387071618,45,22,134.0,147.0,195,187,9,4,2.28,1.54,1.14289,0.07554,7.4589,6.8281
RhV,-49.58739131252693,45,23,134.0,134.0,195,179,9,5,2.28,1.63,1.14289,0.52766,7.4589,6.7462
RhCr,-49.177663091576775,45,24,134.0,128.0,195,189,9,6,2.28,1.66,1.14289,0.675928,7.4589,6.7665
RhMn,-48.44116475480912,45,25,134.0,127.0,195,197,9,7,2.28,1.55,1.14289,-0.5,7.4589,7.434
RhFe,-49.10278833540844,45,26,134.0,126.0,195,194,9,8,2.28,1.83,1.14289,0.153236,7.4589,7.9024
RhCo,-49.13688771114952,45,27,134.0,125.0,195,192,9,9,2.28,1.88,1.14289,0.662255,7.4589,7.881
RhNi,-48.51295095090794,45,28,134.0,124.0,195,184,9,10,2.28,1.91,1.14289,1.157368,7.4589,7.6399
RhCu,-46.08273427794277,45,29,134.0,128.0,195,186,9,11,2.28,1.9,1.14289,1.23578,7.4589,7.7264
RhZn,-43.69370733863838,45,30,134.0,134.0,195,210,9,12,2.28,1.65,1.14289,-0.6,7.4589,9.3942
RhZr,-48.753777387300964,45,40,134.0,160.0,195,186,9,4,2.28,1.33,1.14289,0.433283,7.4589,6.6339
RhNb,-49.27985079659306,45,41,134.0,146.0,195,207,9,5,2.28,1.6,1.14289,0.9174,7.4589,6.7589
RhMo,-49.31649655868998,45,42,134.0,139.0,195,209,9,6,2.28,2.16,1.14289,0.74723,7.4589,7.0924
RhTc,-49.51641780127404,45,43,134.0,136.0,195,209,9,7,2.28,2.1,1.14289,0.636,7.4589,7.28
RhRu,-50.069357750811804,45,44,134.0,134.0,195,207,9,8,2.28,2.2,1.14289,1.04627,7.4589,7.3605
RhRh,-49.103553283947235,45,45,134.0,134.0,195,195,9,9,2.28,2.28,1.14289,1.14289,7.4589,7.4589
RhPd,-46.22366618549027,45,46,134.0,137.0,195,202,9,10,2.28,2.2,1.14289,0.56214,7.4589,8.3369
RhAg,-42.79250492606942,45,47,134.0,144.0,195,203,9,11,2.28,1.93,1.14289,1.30447,7.4589,7.5762
RhCd,-40.978571184060925,45,48,134.0,148.9,195,230,9,12,2.28,1.69,1.14289,-0.7,7.4589,8.9938
RhIn,-40.921702001878266,45,49,134.0,167.0,195,236,9,13,2.28,1.78,1.14289,0.38392,7.4589,5.7864
RhSn,-41.907890221063674,45,50,134.0,151.0,195,233,9,14,2.28,1.96,1.14289,1.11207,7.4589,7.3439
RhW,-50.55554502297549,45,74,134.0,139.0,195,210,9,6,2.28,1.7,1.14289,0.8165,7.4589,7.864
RhRe,-50.32501665139158,45,75,134.0,137.0,195,217,9,7,2.28,1.9,1.14289,0.060396,7.4589,7.8335
RhOs,-50.860498674426715,45,76,134.0,135.0,195,216,9,8,2.28,2.2,1.14289,1.077661,7.4589,8.4382
RhIr,-50.38648391690972,45,77,134.0,135.5,195,202,9,9,2.28,2.2,1.14289,1.564057,7.4589,8.967
RhPt,-48.15166394977336,45,78,134.0,138.5,195,209,9,10,2.28,2.2,1.14289,2.1251,7.4589,8.9588
RhAu,-43.867432590162196,45,79,134.0,144.0,195,217,9,11,2.28,2.4,1.14289,2.30861,7.4589,9.2255
RhBi,-42.811410397097355,45,83,134.0,154.7,195,243,9,15,2.28,1.9,1.14289,0.942362,7.4589,7.2855
PdTi,-46.618226112557366,46,22,137.0,147.0,202,187,10,4,2.2,1.54,0.56214,0.07554,8.3369,6.8281
PdV,-46.91777355436812,46,23,137.0,134.0,202,179,10,5,2.2,1.63,0.56214,0.52766,8.3369,6.7462
PdCr,-46.508045333417954,46,24,137.0,128.0,202,189,10,6,2.2,1.66,0.56214,0.675928,8.3369,6.7665
PdMn,-45.771546996650315,46,25,137.0,127.0,202,197,10,7,2.2,1.55,0.56214,-0.5,8.3369,7.434
PdFe,-46.43317057724962,46,26,137.0,126.0,202,194,10,8,2.2,1.83,0.56214,0.153236,8.3369,7.9024
PdCo,-46.4672699529907,46,27,137.0,125.0,202,192,10,9,2.2,1.88,0.56214,0.662255,8.3369,7.881
PdNi,-45.84333319274913,46,28,137.0,124.0,202,184,10,10,2.2,1.91,0.56214,1.157368,8.3369,7.6399
PdCu,-43.413116519783955,46,29,137.0,128.0,202,186,10,11,2.2,1.9,0.56214,1.23578,8.3369,7.7264
PdZn,-41.02408958047955,46,30,137.0,134.0,202,210,10,12,2.2,1.65,0.56214,-0.6,8.3369,9.3942
PdZr,-46.08415962914215,46,40,137.0,160.0,202,186,10,4,2.2,1.33,0.56214,0.433283,8.3369,6.6339
PdNb,-46.610233038434245,46,41,137.0,146.0,202,207,10,5,2.2,1.6,0.56214,0.9174,8.3369,6.7589
PdMo,-46.64687880053116,46,42,137.0,139.0,202,209,10,6,2.2,2.16,0.56214,0.74723,8.3369,7.0924
PdTc,-46.84680004311522,46,43,137.0,136.0,202,209,10,7,2.2,2.1,0.56214,0.636,8.3369,7.28
PdRu,-47.39973999265298,46,44,137.0,134.0,202,207,10,8,2.2,2.2,0.56214,1.04627,8.3369,7.3605
PdRh,-46.43393552578842,46,45,137.0,134.0,202,195,10,9,2.2,2.28,0.56214,1.14289,8.3369,7.4589
PdPd,-43.55404842733145,46,46,137.0,137.0,202,202,10,10,2.2,2.2,0.56214,0.56214,8.3369,8.3369
PdAg,-40.122887167910605,46,47,137.0,144.0,202,203,10,11,2.2,1.93,0.56214,1.30447,8.3369,7.5762
PdCd,-38.30895342590208,46,48,137.0,148.9,202,230,10,12,2.2,1.69,0.56214,-0.7,8.3369,8.9938
PdIn,-38.25208424371945,46,49,137.0,167.0,202,236,10,13,2.2,1.78,0.56214,0.38392,8.3369,5.7864
PdSn,-39.23827246290486,46,50,137.0,151.0,202,233,10,14,2.2,1.96,0.56214,1.11207,8.3369,7.3439
PdW,-47.88592726481667,46,74,137.0,139.0,202,210,10,6,2.2,1.7,0.56214,0.8165,8.3369,7.864
PdRe,-47.655398893232764,46,75,137.0,137.0,202,217,10,7,2.2,1.9,0.56214,0.060396,8.3369,7.8335
PdOs,-48.1908809162679,46,76,137.0,135.0,202,216,10,8,2.2,2.2,0.56214,1.077661,8.3369,8.4382
PdIr,-47.7168661587509,46,77,137.0,135.5,202,202,10,9,2.2,2.2,0.56214,1.564057,8.3369,8.967
PdPt,-45.482046191614536,46,78,137.0,138.5,202,209,10,10,2.2,2.2,0.56214,2.1251,8.3369,8.9588
PdAu,-41.197814832003374,46,79,137.0,144.0,202,217,10,11,2.2,2.4,0.56214,2.30861,8.3369,9.2255
PdBi,-40.14179263893854,46,83,137.0,154.7,202,243,10,15,2.2,1.9,0.56214,0.942362,8.3369,7.2855
AgTi,-43.476104683822044,47,22,144.0,147.0,203,187,11,4,1.93,1.54,1.30447,0.07554,7.5762,6.8281
AgV,-43.775652125632774,47,23,144.0,134.0,203,179,11,5,1.93,1.63,1.30447,0.52766,7.5762,6.7462
AgCr,-43.365923904682624,47,24,144.0,128.0,203,189,11,6,1.93,1.66,1.30447,0.675928,7.5762,6.7665
AgMn,-42.629425567914964,47,25,144.0,127.0,203,197,11,7,1.93,1.55,1.30447,-0.5,7.5762,7.434
AgFe,-43.291049148514276,47,26,144.0,126.0,203,194,11,8,1.93,1.83,1.30447,0.153236,7.5762,7.9024
AgCo,-43.32514852425537,47,27,144.0,125.0,203,192,11,9,1.93,1.88,1.30447,0.662255,7.5762,7.881
AgNi,-42.7012117640138,47,28,144.0,124.0,203,184,11,10,1.93,1.91,1.30447,1.157368,7.5762,7.6399
AgCu,-40.27099509104861,47,29,144.0,128.0,203,186,11,11,1.93,1.9,1.30447,1.23578,7.5762,7.7264
AgZn,-37.881968151744225,47,30,144.0,134.0,203,210,11,12,1.93,1.65,1.30447,-0.6,7.5762,9.3942
AgZr,-42.94203820040683,47,40,144.0,160.0,203,186,11,4,1.93,1.33,1.30447,0.433283,7.5762,6.6339
AgNb,-43.46811160969891,47,41,144.0,146.0,203,207,11,5,1.93,1.6,1.30447,0.9174,7.5762,6.7589
AgMo,-43.50475737179582,47,42,144.0,139.0,203,209,11,6,1.93,2.16,1.30447,0.74723,7.5762,7.0924
AgTc,-43.70467861437988,47,43,144.0,136.0,203,209,11,7,1.93,2.1,1.30447,0.636,7.5762,7.28
AgRu,-44.25761856391764,47,44,144.0,134.0,203,207,11,8,1.93,2.2,1.30447,1.04627,7.5762,7.3605
AgRh,-43.29181409705309,47,45,144.0,134.0,203,195,11,9,1.93,2.28,1.30447,1.14289,7.5762,7.4589
AgPd,-40.41192699859611,47,46,144.0,137.0,203,202,11,10,1.93,2.2,1.30447,0.56214,7.5762,8.3369
AgAg,-36.98076573917526,47,47,144.0,144.0,203,203,11,11,1.93,1.93,1.30447,1.30447,7.5762,7.5762
AgCd,-35.16683199716676,47,48,144.0,148.9,203,230,11,12,1.93,1.69,1.30447,-0.7,7.5762,8.9938
AgIn,-35.1099628149841,47,49,144.0,167.0,203,236,11,13,1.93,1.78,1.30447,0.38392,7.5762,5.7864
AgSn,-36.09615103416952,47,50,144.0,151.0,203,233,11,14,1.93,1.96,1.30447,1.11207,7.5762,7.3439
AgW,-44.74380583608133,47,74,144.0,139.0,203,210,11,6,1.93,1.7,1.30447,0.8165,7.5762,7.864
AgRe,-44.513277464497435,47,75,144.0,137.0,203,217,11,7,1.93,1.9,1.30447,0.060396,7.5762,7.8335
AgOs,-45.04875948753257,47,76,144.0,135.0,203,216,11,8,1.93,2.2,1.30447,1.077661,7.5762,8.4382
AgIr,-44.574744730015574,47,77,144.0,135.5,203,202,11,9,1.93,2.2,1.30447,1.564057,7.5762,8.967
AgPt,-42.33992476287919,47,78,144.0,138.5,203,209,11,10,1.93,2.2,1.30447,2.1251,7.5762,8.9588
AgAu,-38.055693403268045,47,79,144.0,144.0,203,217,11,11,1.93,2.4,1.30447,2.30861,7.5762,9.2255
AgBi,-36.9996712102032,47,83,144.0,154.7,203,243,11,15,1.93,1.9,1.30447,0.942362,7.5762,7.2855
CdTi,-41.038717322707555,48,22,148.9,147.0,230,187,12,4,1.69,1.54,-0.7,0.07554,8.9938,6.8281
CdV,-41.3382647645183,48,23,148.9,134.0,230,179,12,5,1.69,1.63,-0.7,0.52766,8.9938,6.7462
CdCr,-40.928536543568136,48,24,148.9,128.0,230,189,12,6,1.69,1.66,-0.7,0.675928,8.9938,6.7665
CdMn,-40.1920382068005,48,25,148.9,127.0,230,197,12,7,1.69,1.55,-0.7,-0.5,8.9938,7.434
CdFe,-40.8536617873998,48,26,148.9,126.0,230,194,12,8,1.69,1.83,-0.7,0.153236,8.9938,7.9024
CdCo,-40.88776116314088,48,27,148.9,125.0,230,192,12,9,1.69,1.88,-0.7,0.662255,8.9938,7.881
CdNi,-40.26382440289931,48,28,148.9,124.0,230,184,12,10,1.69,1.91,-0.7,1.157368,8.9938,7.6399
CdCu,-37.83360772993414,48,29,148.9,128.0,230,186,12,11,1.69,1.9,-0.7,1.23578,8.9938,7.7264
CdZn,-35.44458079062974,48,30,148.9,134.0,230,210,12,12,1.69,1.65,-0.7,-0.6,8.9938,9.3942
CdZr,-40.50465083929234,48,40,148.9,160.0,230,186,12,4,1.69,1.33,-0.7,0.433283,8.9938,6.6339
CdNb,-41.030724248584434,48,41,148.9,146.0,230,207,12,5,1.69,1.6,-0.7,0.9174,8.9938,6.7589
CdMo,-41.067370010681344,48,42,148.9,139.0,230,209,12,6,1.69,2.16,-0.7,0.74723,8.9938,7.0924
CdTc,-41.267291253265405,48,43,148.9,136.0,230,209,12,7,1.69,2.1,-0.7,0.636,8.9938,7.28
CdRu,-41.820231202803164,48,44,148.9,134.0,230,207,12,8,1.69,2.2,-0.7,1.04627,8.9938,7.3605
CdRh,-40.8544267359386,48,45,148.9,134.0,230,195,12,9,1.69,2.28,-0.7,1.14289,8.9938,7.4589
CdPd,-37.974539637481634,48,46,148.9,137.0,230,202,12,10,1.69,2.2,-0.7,0.56214,8.9938,8.3369
CdAg,-34.54337837806079,48,47,148.9,144.0,230,203,12,11,1.69,1.93,-0.7,1.30447,8.9938,7.5762
CdCd,-32.729444636052285,48,48,148.9,148.9,230,230,12,12,1.69,1.69,-0.7,-0.7,8.9938,8.9938
CdIn,-32.67257545386963,48,49,148.9,167.0,230,236,12,13,1.69,1.78,-0.7,0.38392,8.9938,5.7864
CdSn,-33.658763673055034,48,50,148.9,151.0,230,233,12,14,1.69,1.96,-0.7,1.11207,8.9938,7.3439
CdW,-42.306418474966854,48,74,148.9,139.0,230,210,12,6,1.69,1.7,-0.7,0.8165,8.9938,7.864
CdRe,-42.075890103382946,48,75,148.9,137.0,230,217,12,7,1.69,1.9,-0.7,0.060396,8.9938,7.8335
CdOs,-42.61137212641808,48,76,148.9,135.0,230,216,12,8,1.69,2.2,-0.7,1.077661,8.9938,8.4382
CdIr,-42.137357368901085,48,77,148.9,135.5,230,202,12,9,1.69,2.2,-0.7,1.564057,8.9938,8.967
CdPt,-39.90253740176472,48,78,148.9,138.5,230,209,12,10,1.69,2.2,-0.7,2.1251,8.9938,8.9588
CdAu,-35.618306042153556,48,79,148.9,144.0,230,217,12,11,1.69,2.4,-0.7,2.30861,8.9938,9.2255
CdBi,-34.56228384908873,48,83,148.9,154.7,230,243,12,15,1.69,1.9,-0.7,0.942362,8.9938,7.2855
InTi,-42.61297193593339,49,22,167.0,147.0,236,187,13,4,1.78,1.54,0.38392,0.07554,5.7864,6.8281
InV,-42.91251937774414,49,23,167.0,134.0,236,179,13,5,1.78,1.63,0.38392,0.52766,5.7864,6.7462
InCr,-42.502791156793975,49,24,167.0,128.0,236,189,13,6,1.78,1.66,0.38392,0.675928,5.7864,6.7665
InMn,-41.76629282002634,49,25,167.0,127.0,236,197,13,7,1.78,1.55,0.38392,-0.5,5.7864,7.434
InFe,-42.42791640062564,49,26,167.0,126.0,236,194,13,8,1.78,1.83,0.38392,0.153236,5.7864,7.9024
InCo,-42.46201577636672,49,27,167.0,125.0,236,192,13,9,1.78,1.88,0.38392,0.662255,5.7864,7.881
InNi,-41.83807901612515,49,28,167.0,124.0,236,184,13,10,1.78,1.91,0.38392,1.157368,5.7864,7.6399
InCu,-39.40786234315998,49,29,167.0,128.0,236,186,13,11,1.78,1.9,0.38392,1.23578,5.7864,7.7264
InZn,-37.01883540385558,49,30,167.0,134.0,236,210,13,12,1.78,1.65,0.38392,-0.6,5.7864,9.3942
InZr,-42.07890545251817,49,40,167.0,160.0,236,186,13,4,1.78,1.33,0.38392,0.433283,5.7864,6.6339
InNb,-42.60497886181027,49,41,167.0,146.0,236,207,13,5,1.78,1.6,0.38392,0.9174,5.7864,6.7589
InMo,-42.641624623907184,49,42,167.0,139.0,236,209,13,6,1.78,2.16,0.38392,0.74723,5.7864,7.0924
InTc,-42.841545866491245,49,43,167.0,136.0,236,209,13,7,1.78,2.1,0.38392,0.636,5.7864,7.28
InRu,-43.394485816029004,49,44,167.0,134.0,236,207,13,8,1.78,2.2,0.38392,1.04627,5.7864,7.3605
InRh,-42.42868134916444,49,45,167.0,134.0,236,195,13,9,1.78,2.28,0.38392,1.14289,5.7864,7.4589
InPd,-39.54879425070747,49,46,167.0,137.0,236,202,13,10,1.78,2.2,0.38392,0.56214,5.7864,8.3369
InAg,-36.11763299128663,49,47,167.0,144.0,236,203,13,11,1.78,1.93,0.38392,1.30447,5.7864,7.5762
InCd,-34.30369924927812,49,48,167.0,148.9,236,230,13,12,1.78,1.69,0.38392,-0.7,5.7864,8.9938
InIn,-34.24683006709547,49,49,167.0,167.0,236,236,13,13,1.78,1.78,0.38392,0.38392,5.7864,5.7864
InSn,-35.23301828628088,49,50,167.0,151.0,236,233,13,14,1.78,1.96,0.38392,1.11207,5.7864,7.3439
InW,-43.880673088192694,49,74,167.0,139.0,236,210,13,6,1.78,1.7,0.38392,0.8165,5.7864,7.864
InRe,-43.650144716608786,49,75,167.0,137.0,236,217,13,7,1.78,1.9,0.38392,0.060396,5.7864,7.8335
InOs,-44.18562673964392,49,76,167.0,135.0,236,216,13,8,1.78,2.2,0.38392,1.077661,5.7864,8.4382
InIr,-43.711611982126925,49,77,167.0,135.5,236,202,13,9,1.78,2.2,0.38392,1.564057,5.7864,8.967
InPt,-41.47679201499056,49,78,167.0,138.5,236,209,13,10,1.78,2.2,0.38392,2.1251,5.7864,8.9588
InAu,-37.192560655379395,49,79,167.0,144.0,236,217,13,11,1.78,2.4,0.38392,2.30861,5.7864,9.2255
InBi,-36.13653846231456,49,83,167.0,154.7,236,243,13,15,1.78,1.9,0.38392,0.942362,5.7864,7.2855
SnTi,-43.30462034671332,50,22,151.0,147.0,233,187,14,4,1.96,1.54,1.11207,0.07554,7.3439,6.8281
SnV,-43.604167788524066,50,23,151.0,134.0,233,179,14,5,1.96,1.63,1.11207,0.52766,7.3439,6.7462
SnCr,-43.1944395675739,50,24,151.0,128.0,233,189,14,6,1.96,1.66,1.11207,0.675928,7.3439,6.7665
SnMn,-42.457941230806284,50,25,151.0,127.0,233,197,14,7,1.96,1.55,1.11207,-0.5,7.3439,7.434
SnFe,-43.11956481140558,50,26,151.0,126.0,233,194,14,8,1.96,1.83,1.11207,0.153236,7.3439,7.9024
SnCo,-43.15366418714666,50,27,151.0,125.0,233,192,14,9,1.96,1.88,1.11207,0.662255,7.3439,7.881
SnNi,-42.52972742690509,50,28,151.0,124.0,233,184,14,10,1.96,1.91,1.11207,1.157368,7.3439,7.6399
SnCu,-40.0995107539399,50,29,151.0,128.0,233,186,14,11,1.96,1.9,1.11207,1.23578,7.3439,7.7264
SnZn,-37.710483814635516,50,30,151.0,134.0,233,210,14,12,1.96,1.65,1.11207,-0.6,7.3439,9.3942
SnZr,-42.77055386329812,50,40,151.0,160.0,233,186,14,4,1.96,1.33,1.11207,0.433283,7.3439,6.6339
SnNb,-43.2966272725902,50,41,151.0,146.0,233,207,14,5,1.96,1.6,1.11207,0.9174,7.3439,6.7589
SnMo,-43.33327303468711,50,42,151.0,139.0,233,209,14,6,1.96,2.16,1.11207,0.74723,7.3439,7.0924
SnTc,-43.53319427727117,50,43,151.0,136.0,233,209,14,7,1.96,2.1,1.11207,0.636,7.3439,7.28
SnRu,-44.08613422680893,50,44,151.0,134.0,233,207,14,8,1.96,2.2,1.11207,1.04627,7.3439,7.3605
SnRh,-43.12032975994438,50,45,151.0,134.0,233,195,14,9,1.96,2.28,1.11207,1.14289,7.3439,7.4589
SnPd,-40.2404426614874,50,46,151.0,137.0,233,202,14,10,1.96,2.2,1.11207,0.56214,7.3439,8.3369
SnAg,-36.80928140206655,50,47,151.0,144.0,233,203,14,11,1.96,1.93,1.11207,1.30447,7.3439,7.5762
SnCd,-34.99534766005805,50,48,151.0,148.9,233,230,14,12,1.96,1.69,1.11207,-0.7,7.3439,8.9938
SnIn,-34.93847847787541,50,49,151.0,167.0,233,236,14,13,1.96,1.78,1.11207,0.38392,7.3439,5.7864
SnSn,-35.924666697060815,50,50,151.0,151.0,233,233,14,14,1.96,1.96,1.11207,1.11207,7.3439,7.3439
SnW,-44.57232149897262,50,74,151.0,139.0,233,210,14,6,1.96,1.7,1.11207,0.8165,7.3439,7.864
SnRe,-44.341793127388726,50,75,151.0,137.0,233,217,14,7,1.96,1.9,1.11207,0.060396,7.3439,7.8335
SnOs,-44.87727515042386,50,76,151.0,135.0,233,216,14,8,1.96,2.2,1.11207,1.077661,7.3439,8.4382
SnIr,-44.403260392906866,50,77,151.0,135.5,233,202,14,9,1.96,2.2,1.11207,1.564057,7.3439,8.967
SnPt,-42.168440425770484,50,78,151.0,138.5,233,209,14,10,1.96,2.2,1.11207,2.1251,7.3439,8.9588
SnAu,-37.884209066159336,50,79,151.0,144.0,233,217,14,11,1.96,2.4,1.11207,2.30861,7.3439,9.2255
SnBi,-36.828186873094495,50,83,151.0,154.7,233,243,14,15,1.96,1.9,1.11207,0.942362,7.3439,7.2855
WTi,-51.59415598894272,74,22,139.0,147.0,210,187,6,4,1.7,1.54,0.8165,0.07554,7.864,6.8281
WV,-51.893703430753455,74,23,139.0,134.0,210,179,6,5,1.7,1.63,0.8165,0.52766,7.864,6.7462
WCr,-51.48397520980329,74,24,139.0,128.0,210,189,6,6,1.7,1.66,0.8165,0.675928,7.864,6.7665
WMn,-50.747476873035666,74,25,139.0,127.0,210,197,6,7,1.7,1.55,0.8165,-0.5,7.864,7.434
WFe,-51.40910045363497,74,26,139.0,126.0,210,194,6,8,1.7,1.83,0.8165,0.153236,7.864,7.9024
WCo,-51.44319982937605,74,27,139.0,125.0,210,192,6,9,1.7,1.88,0.8165,0.662255,7.864,7.881
WNi,-50.81926306913448,74,28,139.0,124.0,210,184,6,10,1.7,1.91,0.8165,1.157368,7.864,7.6399
WCu,-48.38904639616929,74,29,139.0,128.0,210,186,6,11,1.7,1.9,0.8165,1.23578,7.864,7.7264
WZn,-46.00001945686491,74,30,139.0,134.0,210,210,6,12,1.7,1.65,0.8165,-0.6,7.864,9.3942
WZr,-51.0600895055275,74,40,139.0,160.0,210,186,6,4,1.7,1.33,0.8165,0.433283,7.864,6.6339
WNb,-51.58616291481958,74,41,139.0,146.0,210,207,6,5,1.7,1.6,0.8165,0.9174,7.864,6.7589
WMo,-51.6228086769165,74,42,139.0,139.0,210,209,6,6,1.7,2.16,0.8165,0.74723,7.864,7.0924
WTc,-51.82272991950056,74,43,139.0,136.0,210,209,6,7,1.7,2.1,0.8165,0.636,7.864,7.28
WRu,-52.37566986903832,74,44,139.0,134.0,210,207,6,8,1.7,2.2,0.8165,1.04627,7.864,7.3605
WRh,-51.40986540217377,74,45,139.0,134.0,210,195,6,9,1.7,2.28,0.8165,1.14289,7.864,7.4589
WPd,-48.52997830371679,74,46,139.0,137.0,210,202,6,10,1.7,2.2,0.8165,0.56214,7.864,8.3369
WAg,-45.09881704429594,74,47,139.0,144.0,210,203,6,11,1.7,1.93,0.8165,1.30447,7.864,7.5762
WCd,-43.28488330228745,74,48,139.0,148.9,210,230,6,12,1.7,1.69,0.8165,-0.7,7.864,8.9938
WIn,-43.2280141201048,74,49,139.0,167.0,210,236,6,13,1.7,1.78,0.8165,0.38392,7.864,5.7864
WSn,-44.21420233929021,74,50,139.0,151.0,210,233,6,14,1.7,1.96,0.8165,1.11207,7.864,7.3439
WW,-52.86185714120201,74,74,139.0,139.0,210,210,6,6,1.7,1.7,0.8165,0.8165,7.864,7.864
WRe,-52.631328769618115,74,75,139.0,137.0,210,217,6,7,1.7,1.9,0.8165,0.060396,7.864,7.8335
WOs,-53.16681079265325,74,76,139.0,135.0,210,216,6,8,1.7,2.2,0.8165,1.077661,7.864,8.4382
WIr,-52.692796035136254,74,77,139.0,135.5,210,202,6,9,1.7,2.2,0.8165,1.564057,7.864,8.967
WPt,-50.45797606799987,74,78,139.0,138.5,210,209,6,10,1.7,2.2,0.8165,2.1251,7.864,8.9588
WAu,-46.173744708388725,74,79,139.0,144.0,210,217,6,11,1.7,2.4,0.8165,2.30861,7.864,9.2255
WBi,-45.11772251532388,74,83,139.0,154.7,210,243,6,15,1.7,1.9,0.8165,0.942362,7.864,7.2855
ReTi,-51.16185531810338,75,22,137.0,147.0,217,187,7,4,1.9,1.54,0.060396,0.07554,7.8335,6.8281
ReV,-51.4614027599141,75,23,137.0,134.0,217,179,7,5,1.9,1.63,0.060396,0.52766,7.8335,6.7462
ReCr,-51.05167453896395,75,24,137.0,128.0,217,189,7,6,1.9,1.66,0.060396,0.675928,7.8335,6.7665
ReMn,-50.31517620219632,75,25,137.0,127.0,217,197,7,7,1.9,1.55,0.060396,-0.5,7.8335,7.434
ReFe,-50.97679978279562,75,26,137.0,126.0,217,194,7,8,1.9,1.83,0.060396,0.153236,7.8335,7.9024
ReCo,-51.010899158536695,75,27,137.0,125.0,217,192,7,9,1.9,1.88,0.060396,0.662255,7.8335,7.881
ReNi,-50.386962398295125,75,28,137.0,124.0,217,184,7,10,1.9,1.91,0.060396,1.157368,7.8335,7.6399
ReCu,-47.95674572532995,75,29,137.0,128.0,217,186,7,11,1.9,1.9,0.060396,1.23578,7.8335,7.7264
ReZn,-45.56771878602555,75,30,137.0,134.0,217,210,7,12,1.9,1.65,0.060396,-0.6,7.8335,9.3942
ReZr,-50.62778883468816,75,40,137.0,160.0,217,186,7,4,1.9,1.33,0.060396,0.433283,7.8335,6.6339
ReNb,-51.15386224398024,75,41,137.0,146.0,217,207,7,5,1.9,1.6,0.060396,0.9174,7.8335,6.7589
ReMo,-51.19050800607716,75,42,137.0,139.0,217,209,7,6,1.9,2.16,0.060396,0.74723,7.8335,7.0924
ReTc,-51.39042924866122,75,43,137.0,136.0,217,209,7,7,1.9,2.1,0.060396,0.636,7.8335,7.28
ReRu,-51.94336919819898,75,44,137.0,134.0,217,207,7,8,1.9,2.2,0.060396,1.04627,7.8335,7.3605
ReRh,-50.97756473133442,75,45,137.0,134.0,217,195,7,9,1.9,2.28,0.060396,1.14289,7.8335,7.4589
RePd,-48.09767763287745,75,46,137.0,137.0,217,202,7,10,1.9,2.2,0.060396,0.56214,7.8335,8.3369
ReAg,-44.6665163734566,75,47,137.0,144.0,217,203,7,11,1.9,1.93,0.060396,1.30447,7.8335,7.5762
ReCd,-42.852582631448094,75,48,137.0,148.9,217,230,7,12,1.9,1.69,0.060396,-0.7,7.8335,8.9938
ReIn,-42.79571344926545,75,49,137.0,167.0,217,236,7,13,1.9,1.78,0.060396,0.38392,7.8335,5.7864
ReSn,-43.78190166845086,75,50,137.0,151.0,217,233,7,14,1.9,1.96,0.060396,1.11207,7.8335,7.3439
ReW,-52.42955647036267,75,74,137.0,139.0,217,210,7,6,1.9,1.7,0.060396,0.8165,7.8335,7.864
ReRe,-52.19902809877876,75,75,137.0,137.0,217,217,7,7,1.9,1.9,0.060396,0.060396,7.8335,7.8335
ReOs,-52.7345101218139,75,76,137.0,135.0,217,216,7,8,1.9,2.2,0.060396,1.077661,7.8335,8.4382
ReIr,-52.2604953642969,75,77,137.0,135.5,217,202,7,9,1.9,2.2,0.060396,1.564057,7.8335,8.967
RePt,-50.02567539716053,75,78,137.0,138.5,217,209,7,10,1.9,2.2,0.060396,2.1251,7.8335,8.9588
ReAu,-45.74144403754937,75,79,137.0,144.0,217,217,7,11,1.9,2.4,0.060396,2.30861,7.8335,9.2255
ReBi,-44.68542184448454,75,83,137.0,154.7,217,243,7,15,1.9,1.9,0.060396,0.942362,7.8335,7.2855
OsTi,-51.43637817983655,76,22,135.0,147.0,216,187,8,4,2.2,1.54,1.077661,0.07554,8.4382,6.8281
OsV,-51.73592562164731,76,23,135.0,134.0,216,179,8,5,2.2,1.63,1.077661,0.52766,8.4382,6.7462
OsCr,-51.32619740069715,76,24,135.0,128.0,216,189,8,6,2.2,1.66,1.077661,0.675928,8.4382,6.7665
OsMn,-50.589699063929515,76,25,135.0,127.0,216,197,8,7,2.2,1.55,1.077661,-0.5,8.4382,7.434
OsFe,-51.25132264452881,76,26,135.0,126.0,216,194,8,8,2.2,1.83,1.077661,0.153236,8.4382,7.9024
OsCo,-51.28542202026989,76,27,135.0,125.0,216,192,8,9,2.2,1.88,1.077661,0.662255,8.4382,7.881
OsNi,-50.66148526002832,76,28,135.0,124.0,216,184,8,10,2.2,1.91,1.077661,1.157368,8.4382,7.6399
OsCu,-48.23126858706315,76,29,135.0,128.0,216,186,8,11,2.2,1.9,1.077661,1.23578,8.4382,7.7264
OsZn,-45.84224164775875,76,30,135.0,134.0,216,210,8,12,2.2,1.65,1.077661,-0.6,8.4382,9.3942
OsZr,-50.90231169642135,76,40,135.0,160.0,216,186,8,4,2.2,1.33,1.077661,0.433283,8.4382,6.6339
OsNb,-51.428385105713446,76,41,135.0,146.0,216,207,8,5,2.2,1.6,1.077661,0.9174,8.4382,6.7589
OsMo,-51.465030867810356,76,42,135.0,139.0,216,209,8,6,2.2,2.16,1.077661,0.74723,8.4382,7.0924
OsTc,-51.66495211039442,76,43,135.0,136.0,216,209,8,7,2.2,2.1,1.077661,0.636,8.4382,7.28
OsRu,-52.217892059932176,76,44,135.0,134.0,216,207,8,8,2.2,2.2,1.077661,1.04627,8.4382,7.3605
OsRh,-51.252087593067614,76,45,135.0,134.0,216,195,8,9,2.2,2.28,1.077661,1.14289,8.4382,7.4589
OsPd,-48.372200494610645,76,46,135.0,137.0,216,202,8,10,2.2,2.2,1.077661,0.56214,8.4382,8.3369
OsAg,-44.9410392351898,76,47,135.0,144.0,216,203,8,11,2.2,1.93,1.077661,1.30447,8.4382,7.5762
OsCd,-43.12710549318128,76,48,135.0,148.9,216,230,8,12,2.2,1.69,1.077661,-0.7,8.4382,8.9938
OsIn,-43.07023631099864,76,49,135.0,167.0,216,236,8,13,2.2,1.78,1.077661,0.38392,8.4382,5.7864
OsSn,-44.056424530184046,76,50,135.0,151.0,216,233,8,14,2.2,1.96,1.077661,1.11207,8.4382,7.3439
OsW,-52.704079332095866,76,74,135.0,139.0,216,210,8,6,2.2,1.7,1.077661,0.8165,8.4382,7.864
OsRe,-52.47355096051196,76,75,135.0,137.0,216,217,8,7,2.2,1.9,1.077661,0.060396,8.4382,7.8335
OsOs,-53.009032983547094,76,76,135.0,135.0,216,216,8,8,2.2,2.2,1.077661,1.077661,8.4382,8.4382
OsIr,-52.5350182260301,76,77,135.0,135.5,216,202,8,9,2.2,2.2,1.077661,1.564057,8.4382,8.967
OsPt,-50.30019825889373,76,78,135.0,138.5,216,209,8,10,2.2,2.2,1.077661,2.1251,8.4382,8.9588
OsAu,-46.01596689928257,76,79,135.0,144.0,216,217,8,11,2.2,2.4,1.077661,2.30861,8.4382,9.2255
OsBi,-44.95994470621774,76,83,135.0,154.7,216,243,8,15,2.2,1.9,1.077661,0.942362,8.4382,7.2855
IrTi,-50.26272682987593,77,22,135.5,147.0,202,187,9,4,2.2,1.54,1.564057,0.07554,8.967,6.8281
IrV,-50.56227427168665,77,23,135.5,134.0,202,179,9,5,2.2,1.63,1.564057,0.52766,8.967,6.7462
IrCr,-50.1525460507365,77,24,135.5,128.0,202,189,9,6,2.2,1.66,1.564057,0.675928,8.967,6.7665
IrMn,-49.41604771396886,77,25,135.5,127.0,202,197,9,7,2.2,1.55,1.564057,-0.5,8.967,7.434
IrFe,-50.07767129456816,77,26,135.5,126.0,202,194,9,8,2.2,1.83,1.564057,0.153236,8.967,7.9024
IrCo,-50.11177067030924,77,27,135.5,125.0,202,192,9,9,2.2,1.88,1.564057,0.662255,8.967,7.881
IrNi,-49.48783391006767,77,28,135.5,124.0,202,184,9,10,2.2,1.91,1.564057,1.157368,8.967,7.6399
IrCu,-47.0576172371025,77,29,135.5,128.0,202,186,9,11,2.2,1.9,1.564057,1.23578,8.967,7.7264
IrZn,-44.668590297798104,77,30,135.5,134.0,202,210,9,12,2.2,1.65,1.564057,-0.6,8.967,9.3942
IrZr,-49.728660346460714,77,40,135.5,160.0,202,186,9,4,2.2,1.33,1.564057,0.433283,8.967,6.6339
IrNb,-50.254733755752795,77,41,135.5,146.0,202,207,9,5,2.2,1.6,1.564057,0.9174,8.967,6.7589
IrMo,-50.291379517849705,77,42,135.5,139.0,202,209,9,6,2.2,2.16,1.564057,0.74723,8.967,7.0924
IrTc,-50.49130076043377,77,43,135.5,136.0,202,209,9,7,2.2,2.1,1.564057,0.636,8.967,7.28
IrRu,-51.044240709971525,77,44,135.5,134.0,202,207,9,8,2.2,2.2,1.564057,1.04627,8.967,7.3605
IrRh,-50.078436243106964,77,45,135.5,134.0,202,195,9,9,2.2,2.28,1.564057,1.14289,8.967,7.4589
IrPd,-47.198549144649995,77,46,135.5,137.0,202,202,9,10,2.2,2.2,1.564057,0.56214,8.967,8.3369
IrAg,-43.76738788522915,77,47,135.5,144.0,202,203,9,11,2.2,1.93,1.564057,1.30447,8.967,7.5762
IrCd,-41.95345414322065,77,48,135.5,148.9,202,230,9,12,2.2,1.69,1.564057,-0.7,8.967,8.9938
IrIn,-41.89658496103799,77,49,135.5,167.0,202,236,9,13,2.2,1.78,1.564057,0.38392,8.967,5.7864
IrSn,-42.882773180223396,77,50,135.5,151.0,202,233,9,14,2.2,1.96,1.564057,1.11207,8.967,7.3439
IrW,-51.530427982135215,77,74,135.5,139.0,202,210,9,6,2.2,1.7,1.564057,0.8165,8.967,7.864
IrRe,-51.29989961055131,77,75,135.5,137.0,202,217,9,7,2.2,1.9,1.564057,0.060396,8.967,7.8335
IrOs,-51.835381633586444,77,76,135.5,135.0,202,216,9,8,2.2,2.2,1.564057,1.077661,8.967,8.4382
IrIr,-51.36136687606945,77,77,135.5,135.5,202,202,9,9,2.2,2.2,1.564057,1.564057,8.967,8.967
IrPt,-49.12654690893308,77,78,135.5,138.5,202,209,9,10,2.2,2.2,1.564057,2.1251,8.967,8.9588
IrAu,-44.84231554932192,77,79,135.5,144.0,202,217,9,11,2.2,2.4,1.564057,2.30861,8.967,9.2255
IrBi,-43.78629335625709,77,83,135.5,154.7,202,243,9,15,2.2,1.9,1.564057,0.942362,8.967,7.2855
PtTi,-48.46460565964894,78,22,138.5,147.0,209,187,10,4,2.2,1.54,2.1251,0.07554,8.9588,6.8281
PtV,-48.76415310145969,78,23,138.5,134.0,209,179,10,5,2.2,1.63,2.1251,0.52766,8.9588,6.7462
PtCr,-48.35442488050953,78,24,138.5,128.0,209,189,10,6,2.2,1.66,2.1251,0.675928,8.9588,6.7665
PtMn,-47.617926543741895,78,25,138.5,127.0,209,197,10,7,2.2,1.55,2.1251,-0.5,8.9588,7.434
PtFe,-48.27955012434119,78,26,138.5,126.0,209,194,10,8,2.2,1.83,2.1251,0.153236,8.9588,7.9024
PtCo,-48.31364950008227,78,27,138.5,125.0,209,192,10,9,2.2,1.88,2.1251,0.662255,8.9588,7.881
PtNi,-47.6897127398407,78,28,138.5,124.0,209,184,10,10,2.2,1.91,2.1251,1.157368,8.9588,7.6399
PtCu,-45.25949606687553,78,29,138.5,128.0,209,186,10,11,2.2,1.9,2.1251,1.23578,8.9588,7.7264
PtZn,-42.87046912757113,78,30,138.5,134.0,209,210,10,12,2.2,1.65,2.1251,-0.6,8.9588,9.3942
PtZr,-47.93053917623372,78,40,138.5,160.0,209,186,10,4,2.2,1.33,2.1251,0.433283,8.9588,6.6339
PtNb,-48.45661258552582,78,41,138.5,146.0,209,207,10,5,2.2,1.6,2.1251,0.9174,8.9588,6.7589
PtMo,-48.493258347622735,78,42,138.5,139.0,209,209,10,6,2.2,2.16,2.1251,0.74723,8.9588,7.0924
PtTc,-48.693179590206796,78,43,138.5,136.0,209,209,10,7,2.2,2.1,2.1251,0.636,8.9588,7.28
PtRu,-49.246119539744555,78,44,138.5,134.0,209,207,10,8,2.2,2.2,2.1251,1.04627,8.9588,7.3605
PtRh,-48.28031507287999,78,45,138.5,134.0,209,195,10,9,2.2,2.28,2.1251,1.14289,8.9588,7.4589
PtPd,-45.400427974423025,78,46,138.5,137.0,209,202,10,10,2.2,2.2,2.1251,0.56214,8.9588,8.3369
PtAg,-41.96926671500218,78,47,138.5,144.0,209,203,10,11,2.2,1.93,2.1251,1.30447,8.9588,7.5762
PtCd,-40.15533297299367,78,48,138.5,148.9,209,230,10,12,2.2,1.69,2.1251,-0.7,8.9588,8.9938
PtIn,-40.098463790811024,78,49,138.5,167.0,209,236,10,13,2.2,1.78,2.1251,0.38392,8.9588,5.7864
PtSn,-41.08465200999643,78,50,138.5,151.0,209,233,10,14,2.2,1.96,2.1251,1.11207,8.9588,7.3439
PtW,-49.732306811908245,78,74,138.5,139.0,209,210,10,6,2.2,1.7,2.1251,0.8165,8.9588,7.864
PtRe,-49.50177844032434,78,75,138.5,137.0,209,217,10,7,2.2,1.9,2.1251,0.060396,8.9588,7.8335
PtOs,-50.03726046335947,78,76,138.5,135.0,209,216,10,8,2.2,2.2,2.1251,1.077661,8.9588,8.4382
PtIr,-49.563245705842476,78,77,138.5,135.5,209,202,10,9,2.2,2.2,2.1251,1.564057,8.9588,8.967
PtPt,-47.32842573870611,78,78,138.5,138.5,209,209,10,10,2.2,2.2,2.1251,2.1251,8.9588,8.9588
PtAu,-43.04419437909495,78,79,138.5,144.0,209,217,10,11,2.2,2.4,2.1251,2.30861,8.9588,9.2255
PtBi,-41.98817218603011,78,83,138.5,154.7,209,243,10,15,2.2,1.9,2.1251,0.942362,8.9588,7.2855
AuTi,-44.622985780011966,79,22,144.0,147.0,217,187,11,4,2.4,1.54,2.30861,0.07554,9.2255,6.8281
AuV,-44.922533221822725,79,23,144.0,134.0,217,179,11,5,2.4,1.63,2.30861,0.52766,9.2255,6.7462
AuCr,-44.51280500087257,79,24,144.0,128.0,217,189,11,6,2.4,1.66,2.30861,0.675928,9.2255,6.7665
AuMn,-43.77630666410492,79,25,144.0,127.0,217,197,11,7,2.4,1.55,2.30861,-0.5,9.2255,7.434
AuFe,-44.43793024470422,79,26,144.0,126.0,217,194,11,8,2.4,1.83,2.30861,0.153236,9.2255,7.9024
AuCo,-44.4720296204453,79,27,144.0,125.0,217,192,11,9,2.4,1.88,2.30861,0.662255,9.2255,7.881
AuNi,-43.848092860203735,79,28,144.0,124.0,217,184,11,10,2.4,1.91,2.30861,1.157368,9.2255,7.6399
AuCu,-41.41787618723856,79,29,144.0,128.0,217,186,11,11,2.4,1.9,2.30861,1.23578,9.2255,7.7264
AuZn,-39.02884924793417,79,30,144.0,134.0,217,210,11,12,2.4,1.65,2.30861,-0.6,9.2255,9.3942
AuZr,-44.088919296596764,79,40,144.0,160.0,217,186,11,4,2.4,1.33,2.30861,0.433283,9.2255,6.6339
AuNb,-44.61499270588886,79,41,144.0,146.0,217,207,11,5,2.4,1.6,2.30861,0.9174,9.2255,6.7589
AuMo,-44.65163846798577,79,42,144.0,139.0,217,209,11,6,2.4,2.16,2.30861,0.74723,9.2255,7.0924
AuTc,-44.85155971056983,79,43,144.0,136.0,217,209,11,7,2.4,2.1,2.30861,0.636,9.2255,7.28
AuRu,-45.40449966010758,79,44,144.0,134.0,217,207,11,8,2.4,2.2,2.30861,1.04627,9.2255,7.3605
AuRh,-44.43869519324303,79,45,144.0,134.0,217,195,11,9,2.4,2.28,2.30861,1.14289,9.2255,7.4589
AuPd,-41.55880809478605,79,46,144.0,137.0,217,202,11,10,2.4,2.2,2.30861,0.56214,9.2255,8.3369
AuAg,-38.12764683536521,79,47,144.0,144.0,217,203,11,11,2.4,1.93,2.30861,1.30447,9.2255,7.5762
AuCd,-36.31371309335671,79,48,144.0,148.9,217,230,11,12,2.4,1.69,2.30861,-0.7,9.2255,8.9938
AuIn,-36.25684391117405,79,49,144.0,167.0,217,236,11,13,2.4,1.78,2.30861,0.38392,9.2255,5.7864
AuSn,-37.243032130359474,79,50,144.0,151.0,217,233,11,14,2.4,1.96,2.30861,1.11207,9.2255,7.3439
AuW,-45.89068693227128,79,74,144.0,139.0,217,210,11,6,2.4,1.7,2.30861,0.8165,9.2255,7.864
AuRe,-45.66015856068737,79,75,144.0,137.0,217,217,11,7,2.4,1.9,2.30861,0.060396,9.2255,7.8335
AuOs,-46.19564058372251,79,76,144.0,135.0,217,216,11,8,2.4,2.2,2.30861,1.077661,9.2255,8.4382
AuIr,-45.721625826205525,79,77,144.0,135.5,217,202,11,9,2.4,2.2,2.30861,1.564057,9.2255,8.967
AuPt,-43.486805859069136,79,78,144.0,138.5,217,209,11,10,2.4,2.2,2.30861,2.1251,9.2255,8.9588
AuAu,-39.20257449945799,79,79,144.0,144.0,217,217,11,11,2.4,2.4,2.30861,2.30861,9.2255,9.2255
AuBi,-38.146552306393154,79,83,144.0,154.7,217,243,11,15,2.4,1.9,2.30861,0.942362,9.2255,7.2855
BiTi,-44.62915115770603,83,22,154.7,147.0,243,187,15,4,1.9,1.54,0.942362,0.07554,7.2855,6.8281
BiV,-44.92869859951678,83,23,154.7,134.0,243,179,15,5,1.9,1.63,0.942362,0.52766,7.2855,6.7462
BiCr,-44.518970378566614,83,24,154.7,128.0,243,189,15,6,1.9,1.66,0.942362,0.675928,7.2855,6.7665
BiMn,-43.782472041799,83,25,154.7,127.0,243,197,15,7,1.9,1.55,0.942362,-0.5,7.2855,7.434
BiFe,-44.444095622398294,83,26,154.7,126.0,243,194,15,8,1.9,1.83,0.942362,0.153236,7.2855,7.9024
BiCo,-44.47819499813937,83,27,154.7,125.0,243,192,15,9,1.9,1.88,0.942362,0.662255,7.2855,7.881
BiNi,-43.8542582378978,83,28,154.7,124.0,243,184,15,10,1.9,1.91,0.942362,1.157368,7.2855,7.6399
BiCu,-41.424041564932615,83,29,154.7,128.0,243,186,15,11,1.9,1.9,0.942362,1.23578,7.2855,7.7264
BiZn,-39.03501462562823,83,30,154.7,134.0,243,210,15,12,1.9,1.65,0.942362,-0.6,7.2855,9.3942
BiZr,-44.09508467429083,83,40,154.7,160.0,243,186,15,4,1.9,1.33,0.942362,0.433283,7.2855,6.6339
BiNb,-44.62115808358291,83,41,154.7,146.0,243,207,15,5,1.9,1.6,0.942362,0.9174,7.2855,6.7589
BiMo,-44.65780384567982,83,42,154.7,139.0,243,209,15,6,1.9,2.16,0.942362,0.74723,7.2855,7.0924
BiTc,-44.857725088263884,83,43,154.7,136.0,243,209,15,7,1.9,2.1,0.942362,0.636,7.2855,7.28
BiRu,-45.41066503780164,83,44,154.7,134.0,243,207,15,8,1.9,2.2,0.942362,1.04627,7.2855,7.3605
BiRh,-44.444860570937095,83,45,154.7,134.0,243,195,15,9,1.9,2.28,0.942362,1.14289,7.2855,7.4589
BiPd,-41.56497347248011,83,46,154.7,137.0,243,202,15,10,1.9,2.2,0.942362,0.56214,7.2855,8.3369
BiAg,-38.133812213059265,83,47,154.7,144.0,243,203,15,11,1.9,1.93,0.942362,1.30447,7.2855,7.5762
BiCd,-36.319878471050764,83,48,154.7,148.9,243,230,15,12,1.9,1.69,0.942362,-0.7,7.2855,8.9938
BiIn,-36.26300928886812,83,49,154.7,167.0,243,236,15,13,1.9,1.78,0.942362,0.38392,7.2855,5.7864
BiSn,-37.24919750805353,83,50,154.7,151.0,243,233,15,14,1.9,1.96,0.942362,1.11207,7.2855,7.3439
BiW,-45.89685230996533,83,74,154.7,139.0,243,210,15,6,1.9,1.7,0.942362,0.8165,7.2855,7.864
BiRe,-45.66632393838144,83,75,154.7,137.0,243,217,15,7,1.9,1.9,0.942362,0.060396,7.2855,7.8335
BiOs,-46.201805961416575,83,76,154.7,135.0,243,216,15,8,1.9,2.2,0.942362,1.077661,7.2855,8.4382
BiIr,-45.72779120389958,83,77,154.7,135.5,243,202,15,9,1.9,2.2,0.942362,1.564057,7.2855,8.967
BiPt,-43.492971236763196,83,78,154.7,138.5,243,209,15,10,1.9,2.2,0.942362,2.1251,7.2855,8.9588
BiAu,-39.20873987715205,83,79,154.7,144.0,243,217,15,11,1.9,2.4,0.942362,2.30861,7.2855,9.2255
BiBi,-38.15271768408721,83,83,154.7,154.7,243,243,15,15,1.9,1.9,0.942362,0.942362,7.2855,7.2855
